"ID"	"Index"	"A*01:01"	"B*08:01"	"B*35:01"	"C*04:01"	"C*07:01"	"Gene"	"AA Change"	"Num Passing Transcripts"	"Best Peptide"	"Best Transcript"	"TSL"	"Allele"	"Pos"	"Prob Pos"	"Num Included Peptides"	"Num Passing Peptides"	"IC50 MT"	"IC50 WT"	"%ile MT"	"%ile WT"	"RNA Expr"	"RNA VAF"	"Allele Expr"	"RNA Depth"	"DNA VAF"	"Tier"	"Ref Match"	"Evaluation"	"Comments"
"chr9-129021150-129021151-C-T"	"268.SH3GLB2.ENST00000372554.8.missense.92E/K"	1	NA	NA	NA	1	"SH3GLB2"	"E92K"	5	"SRVTNGKLL"	"ENST00000372554.8"	1	"HLA-C*07:01"	"7"	"None"	2	2	125.735	166.71	0.23	0.281	96.884	0.263	25.48	935	0.298	"Pass"	"False"	"Accept"	"Probability of Accept: 0.863"
"chr12-112406339-112406340-C-G"	"384.RPL6.ENST00000202773.14.missense.161R/S"	NA	1	NA	NA	2	"RPL6"	"R161S"	3	"TGRHRGKSV"	"ENST00000202773.14"	1	"HLA-B*08:01"	"8"	"None"	3	2	351.15	2129.726	0.965	3.4	1181.014	0.303	357.847	7412	0.314	"Pass"	"False"	"Accept"	"Probability of Accept: 0.613"
"chr1-75218582-75218583-A-G"	"7.SLC44A5.ENST00000370855.5.missense.479L/P"	NA	NA	4	NA	NA	"SLC44A5"	"L479P"	2	"APAGAFATY"	"ENST00000370855.5"	1	"HLA-B*35:01"	"2"	"None"	4	3	11.177	517.267	0.06	1.695	11.099	0.382	4.24	283	0.337	"Pass"	"False"	"Accept"	"Probability of Accept: 0.873"
"chr19-10362370-10362371-C-A"	"465.TYK2.ENST00000264818.10.missense.521R/L"	NA	NA	1	NA	1	"TYK2"	"R521L"	4	"FVLEGWGLSF"	"ENST00000264818.10"	1	"HLA-B*35:01"	"8"	"None"	2	2	230.611	600.432	0.423	0.695	68.466	0.187	12.803	433	0.393	"Pass"	"False"	"Accept"	"Probability of Accept: 0.953"
"chr18-36769422-36769423-T-A"	"459.FHOD3.ENST00000590592.6.missense.1595S/T"	NA	3	NA	NA	2	"FHOD3"	"S1595T"	6	"NRKTLRRTL"	"ENST00000590592.6"	1	"HLA-C*07:01"	"4"	"None"	4	1	285.955	225.725	0.51	0.487	18.397	0.69	12.694	219	0.739	"Pass"	"False"	"Accept"	"Probability of Accept: 0.778"
"chr11-108072373-108072374-G-A"	"337.CUL5.ENST00000393094.7.missense.306G/D"	NA	NA	1	NA	NA	"CUL5"	"G306D"	1	"VPNDIEPML"	"ENST00000393094.7"	1	"HLA-B*35:01"	"4"	"None"	1	1	342.371	567.509	0.6	0.825	38.059	0.418	15.909	431	0.504	"Pass"	"False"	"Accept"	"Probability of Accept: 0.885"
"chr10-72354958-72354959-C-G"	"288.DNAJB12.ENST00000394903.6.missense.14R/P"	NA	2	NA	NA	1	"DNAJB12"	"R14P"	2	"LPATRRPVA"	"ENST00000394903.6"	1	"HLA-B*08:01"	"7"	"None"	3	1	175.022	145.277	0.51	0.5	38.225	0.185	7.072	65	0.358	"Pass"	"False"	"Accept"	"Probability of Accept: 0.843"
"chr6-20124463-20124464-T-A"	"199.MBOAT1.ENST00000324607.8.missense.284Y/F"	1	1	2	NA	1	"MBOAT1"	"Y284F"	1	"FPARLCFLY"	"ENST00000324607.8"	1	"HLA-B*35:01"	"7"	"None"	5	1	3.4	3.799	0.03	0.03	7.11	0.2	1.422	270	0.382	"Pass"	"False"	"Review"	"Probability of Accept: 0.466"
"chr7-30923574-30923575-G-T"	"217.AQP1.ENST00000311813.11.missense.252E/D"	1	NA	1	NA	NA	"AQP1"	"E252D"	7	"WTSGQVEDY"	"ENST00000311813.11"	1	"HLA-A*01:01"	"8"	"None"	1	1	145.972	114.442	0.22	0.18	193.999	0.014	2.716	1771	0.34	"Pass"	"False"	"Review"	"Probability of Accept: 0.529"
"chr2-218812697-218812698-C-A"	"80.CYP27A1.ENST00000258415.9.missense.265L/M"	NA	2	2	NA	NA	"CYP27A1"	"L265M"	2	"LPKWTRPVM"	"ENST00000258415.9"	1	"HLA-B*35:01"	"9"	"None"	3	2	102.839	712.261	0.493	0.72	22.737	0.092	2.092	262	0.323	"Pass"	"False"	"Accept"	"Probability of Accept: 0.838"
"chr4-103133718-103133719-G-T"	"131.CENPE.ENST00000380026.8.missense.2111N/K"	NA	2	NA	NA	NA	"CENPE"	"N2111K"	2	"DLKLKQNM"	"ENST00000380026.8"	1	"HLA-B*08:01"	"5"	"None"	2	1	496.315	2176.634	0.479	2.35	32.317	0.324	10.471	213	0.314	"Pass"	"False"	"Accept"	"Probability of Accept: 0.875"
"chr17-47925387-47925388-C-T"	"440.SP2.ENST00000376741.5.missense.530P/S"	NA	NA	1	NA	NA	"SP2"	"P530S"	1	"HISDCGKTF"	"ENST00000376741.5"	1	"HLA-B*35:01"	"3"	"None"	1	1	374.312	2690.015	1.535	4.185	11.837	0.227	2.687	128	0.464	"Pass"	"False"	"Review"	"Probability of Accept: 0.491"
"chr10-69572978-69572979-G-C"	"286.NEUROG3.ENST00000242462.5.missense.22P/R"	NA	NA	NA	NA	1	"NEUROG3"	"P22R"	1	"FRRASEDEV"	"ENST00000242462.5"	1	"HLA-C*07:01"	"2"	"None"	1	1	468.895	17731.042	0.839	26.822	2.272	0.688	1.563	48	0.324	"Pass"	"False"	"Review"	"Probability of Accept: 0.464"
"chr14-31457307-31457308-C-T"	"402.DTD2.ENST00000310850.9.missense.29G/E"	NA	NA	1	NA	NA	"DTD2"	"G29E"	3	"RPADEDVAA"	"ENST00000310850.9"	1	"HLA-B*35:01"	"5"	"None"	1	1	494.781	333.589	1.986	1.434	7.128	0.225	1.604	200	0.304	"Pass"	"False"	"Review"	"Probability of Accept: 0.546"
"chr2-132417571-132417572-A-T"	"57.GPR39.ENST00000329321.4.missense.177E/V"	NA	2	3	NA	1	"GPR39"	"E177V"	2	"FAMGTVYPL"	"ENST00000329321.4"	1	"HLA-B*35:01"	"6"	"None"	4	3	17.955	20.26	0.24	0.278	2.245	0.364	0.817	22	0.344	"LowExpr"	"False"	"Accept"	"Probability of Accept: 0.793"
"chr4-61676914-61676915-A-T"	"122.ADGRL3.ENST00000512091.6.missense.120Q/L"	2	NA	1	NA	NA	"ADGRL3"	"Q120L"	15	"EVLYECVPY"	"ENST00000512091.6"	1	"HLA-B*35:01"	"3"	"None"	3	1	82.157	187.808	0.844	1.4	5.245	0.092	0.483	87	0.307	"LowExpr"	"False"	"Review"	"Probability of Accept: 0.392"
"chr5-141357153-141357154-C-A"	"195.PCDHGA4.ENST00000571252.3.missense.683P/T"	NA	NA	1	NA	NA	"PCDHGA4"	"P683T"	2	"TPLSATVTL"	"ENST00000571252.3"	1	"HLA-B*35:01"	"1"	"None"	1	1	56.323	438.922	0.205	2.026	8.547	0.024	0.205	85	0.366	"LowExpr"	"False"	"Review"	"Probability of Accept: 0.451"
"chr10-48453387-48453388-T-G"	"280.ARHGAP22.ENST00000417912.6.missense.318K/Q"	NA	NA	1	NA	2	"ARHGAP22"	"K318Q"	6	"QAYSNVNQM"	"ENST00000417912.6"	1	"HLA-B*35:01"	"8"	"None"	2	1	115.072	246.761	0.813	1.2	13.888	0.027	0.375	75	0.34	"LowExpr"	"False"	"Accept"	"Probability of Accept: 0.626"
"chr11-34357276-34357277-C-G"	"314.ABTB2.ENST00000435224.3.missense.103D/H"	NA	NA	2	NA	NA	"ABTB2"	"D103H"	1	"FPWTEGHVA"	"ENST00000435224.3"	1	"HLA-B*35:01"	"7"	"None"	2	1	86.017	135.621	0.201	0.317	1.789	0.105	0.188	19	0.516	"LowExpr"	"False"	"Review"	"Probability of Accept: 0.319"
"chr5-26885792-26885793-A-T"	"179.CDH9.ENST00000231021.9.missense.568I/N"	NA	NA	1	NA	NA	"CDH9"	"I568N"	1	"LPNLIFDNDY"	"ENST00000231021.9"	1	"HLA-B*35:01"	"3"	"None"	1	1	123.523	76.446	0.2	0.2	0.084	1	0.084	2	0.574	"LowExpr"	"False"	"Reject"	"Probability of Accept: 0.19"
"chr1-237819036-237819037-G-T"	"29.RYR2.ENST00000366574.7.missense.4812C/F"	4	NA	3	NA	NA	"RYR2"	"C4812F"	1	"LTFYMFHMY"	"ENST00000366574.7"	1	"HLA-B*35:01"	"3"	"None"	5	2	260.462	1526.307	1.95	3.1	4.668	0.045	0.21	22	0.257	"LowExpr"	"False"	"Review"	"Probability of Accept: 0.324"
"chr2-110799022-110799023-G-A"	"50.ACOXL.ENST00000340561.8.missense.157C/Y"	NA	NA	NA	NA	1	"ACOXL"	"C157Y"	4	"GRSQGPHYF"	"ENST00000340561.8"	1	"HLA-C*07:01"	"8"	"None"	1	1	425.39	952.739	0.502	0.82	1.065	0.667	0.71	30	0.289	"LowExpr"	"False"	"Review"	"Probability of Accept: 0.494"
"chr13-100642265-100642266-C-T"	"398.TMTC4.ENST00000376234.7.missense.210S/N"	NA	NA	1	NA	NA	"TMTC4"	"S210N"	3	"NIFLGAVAM"	"ENST00000376234.7"	1	"HLA-B*35:01"	"1"	"None"	1	1	164.121	216.402	1.011	1.552	44.741	0.277	12.393	434	0.207	"Subclonal"	"False"	"Accept"	"Probability of Accept: 0.93"
"chr19-10195026-10195027-G-T"	"464.DNMT1.ENST00000588118.5.missense.13S/Y"	NA	NA	NA	NA	1	"DNMT1"	"S13Y"	1	"YRLSPFGTY"	"ENST00000588118.5"	5	"HLA-C*07:01"	"9"	"None"	1	1	473.852	5340.334	1.183	4.4	180.61	0.286	51.654	21	0.315	"Poor"	"False"	"Review"	"Probability of Accept: 0.506"
"chr2-165309189-165309190-G-C"	"60.SCN2A.ENST00000631182.3.missense.211G/R"	NA	4	NA	NA	1	"SCN2A"	"G211R"	2	"NLRNVSAL"	"ENST00000631182.3"	5	"HLA-B*08:01"	"3"	"None"	5	3	198.77	3545.485	0.325	4.675	16.165	0.604	9.764	111	0.296	"Poor"	"False"	"Review"	"Probability of Accept: 0.414"
"chr12-21635663-21635664-T-A"	"352.LDHB.ENST00000350669.5.missense.295I/F"	NA	2	1	NA	NA	"LDHB"	"I295F"	3	"EVFLSLPCF"	"ENST00000350669.5"	1	"HLA-B*35:01"	"9"	"None"	3	0	513.195	10655.013	1.988	16.8	187.329	0.229	42.898	3149	0.349	"Poor"	"False"	"Review"	"Probability of Accept: 0.524"
"chr12-117555224-117555225-G-T"	"387.KSR2.ENST00000339824.7.missense.488R/S"	NA	NA	1	NA	NA	"KSR2"	"R488S"	2	"NPLRKPPSY"	"ENST00000339824.7"	5	"HLA-B*35:01"	"8"	"None"	1	1	76.085	390.576	0.295	0.77	5.642	0.457	2.578	35	0.418	"Poor"	"False"	"Review"	"Probability of Accept: 0.429"
"chr4-113354033-113354034-C-T"	"137.ANK2.ENST00000357077.9.missense.1806H/Y"	NA	NA	4	NA	NA	"ANK2"	"H1806Y"	22	"YPAASPSL"	"ENST00000357077.9"	1	"HLA-B*35:01"	"1"	"None"	4	0	822.955	1652.995	0.328	0.625	174.671	0.371	64.803	669	0.3	"Poor"	"False"	"Accept"	"Probability of Accept: 0.756"
"chr1-32668395-32668396-C-T"	"2.RBBP4.ENST00000373493.10.missense.161P/L"	NA	NA	2	NA	NA	"RBBP4"	"P161L"	5	"HPSKLDPSG"	"ENST00000373493.10"	1	"HLA-B*35:01"	"5"	"None"	2	1	990.196	1175.374	2.524	2.431	282.641	0.319	90.162	1944	0.341	"Poor"	"False"	"Review"	"Probability of Accept: 0.421"
"chr16-47699258-47699259-C-G"	"428.PHKB.ENST00000323584.10.missense.1059P/A"	NA	NA	1	NA	1	"PHKB"	"P1059A"	3	"TSFYNTPAL"	"ENST00000323584.10"	1	"HLA-B*35:01"	"8"	"None"	1	0	510.086	722.3	2.551	4.35	63.261	0.127	8.034	653	0.377	"Poor"	"False"	"Accept"	"Probability of Accept: 0.638"
"chr11-65210391-65210392-G-A"	"320.CAPN1.ENST00000279247.11.missense.667D/N"	NA	NA	NA	NA	2	"CAPN1"	"D667N"	5	"TRYSEPNLA"	"ENST00000279247.11"	1	"HLA-C*07:01"	"7"	"None"	2	0	687.475	975.905	0.779	1.477	54.372	0.18	9.787	361	0.554	"Poor"	"False"	"Accept"	"Probability of Accept: 0.688"
"chr1-116600309-116600310-G-C"	"22.IGSF3.ENST00000369486.8.missense.554P/A"	NA	NA	2	NA	NA	"IGSF3"	"P554A"	3	"ISRTAGVTY"	"ENST00000369486.8"	1	"HLA-B*35:01"	"5"	"None"	2	0	500.566	1210.685	1.895	3.75	11.045	0.459	5.07	109	0.346	"Poor"	"False"	"Accept"	"Probability of Accept: 0.641"
"chr6-42964389-42964390-C-G"	"201.PEX6.ENST00000304611.13.missense.963S/T"	2	NA	1	NA	NA	"PEX6"	"S963T"	1	"QPSVTEQEL"	"ENST00000304611.13"	1	"HLA-B*35:01"	"5"	"None"	3	1	721.758	801.697	1.355	1.55	29.452	0.295	8.688	244	0.316	"Poor"	"False"	"Review"	"Probability of Accept: 0.551"
"chr19-15403684-15403685-T-C"	"471.AKAP8L.ENST00000397410.10.missense.51Y/C"	NA	NA	1	NA	NA	"AKAP8L"	"Y51C"	6	"CGQDNTTNY"	"ENST00000397410.10"	1	"HLA-B*35:01"	"1"	"None"	1	0	1377.355	191.253	3.159	1.134	87.11	0.233	20.297	711	0.329	"Poor"	"False"	"Review"	"Probability of Accept: 0.207"
"chr1-243185945-243185946-G-T"	"31.CEP170.ENST00000366542.6.missense.467L/I"	NA	2	NA	NA	NA	"CEP170"	"L467I"	2	"LLRSSGSI"	"ENST00000366542.6"	5	"HLA-B*08:01"	"8"	"None"	2	0	1505.961	597.377	3.5	1.025	138.826	0.165	22.906	678	0.338	"Poor"	"False"	"Review"	"Probability of Accept: 0.317"
"chr16-13935426-13935427-G-A"	"422.ERCC4.ENST00000311895.8.missense.499G/R"	NA	2	NA	NA	NA	"ERCC4"	"G499R"	2	"MVRKPEEL"	"ENST00000311895.8"	1	"HLA-B*08:01"	"3"	"None"	2	0	967.825	8411.452	1.4	13	40.169	0.27	10.846	478	0.338	"Poor"	"False"	"Accept"	"Probability of Accept: 0.611"
"chr18-22968845-22968846-G-C"	"450.RBBP8.ENST00000360790.9.missense.97E/Q"	NA	1	NA	NA	NA	"RBBP8"	"E97Q"	1	"QHMRKKQQEF"	"ENST00000360790.9"	1	"HLA-B*08:01"	"1"	"None"	1	0	1777.831	1766.058	3.65	3.15	73.077	0.764	55.831	1062	0.711	"Poor"	"False"	"Review"	"Probability of Accept: 0.334"
"chr8-123787295-123787296-A-G"	"255.FAM91A1.ENST00000334705.12.missense.372T/A"	NA	1	NA	NA	NA	"FAM91A1"	"T372A"	1	"AGHTKRIAF"	"ENST00000334705.12"	1	"HLA-B*08:01"	"1"	"None"	1	0	1696.456	1061.113	2.6	1.296	78.087	0.388	30.298	1282	0.487	"Poor"	"False"	"Review"	"Probability of Accept: 0.504"
"chr14-49840729-49840730-A-T"	"410.NEMF.ENST00000555970.5.missense.123L/H"	NA	NA	1	NA	NA	"NEMF"	"L123H"	3	"HARAAEPLH"	"ENST00000555970.5"	2	"HLA-B*35:01"	"9"	"None"	1	0	1461.077	1165.535	3.874	2.375	125.28	0.153	19.168	750	0.238	"Poor"	"False"	"Reject"	"Probability of Accept: 0.187"
"chr12-56751186-56751187-T-A"	"371.PRIM1.ENST00000338193.11.missense.38N/Y"	NA	NA	NA	NA	1	"PRIM1"	"N38Y"	1	"YYFQHREF"	"ENST00000338193.11"	1	"HLA-C*07:01"	"1"	"None"	1	0	1504.6	3989.378	0.345	0.967	49.219	0.332	16.341	370	0.27	"Poor"	"False"	"Accept"	"Probability of Accept: 0.661"
"chr21-32347200-32347201-G-A"	"506.URB1.ENST00000382751.4.missense.1208P/L"	NA	1	NA	NA	NA	"URB1"	"P1208L"	1	"HTLQRDLVL"	"ENST00000382751.4"	1	"HLA-B*08:01"	"7"	"None"	1	0	522.175	1498.7	1.13	2.6	17.646	0.159	2.806	170	0.342	"Poor"	"False"	"Accept"	"Probability of Accept: 0.793"
"chr12-109166894-109166895-G-A"	"379.ACACB.ENST00000338432.12.missense.230G/R"	NA	2	NA	NA	1	"ACACB"	"G230R"	3	"RREHKKLDL"	"ENST00000338432.12"	1	"HLA-C*07:01"	"1"	"None"	3	0	544.216	1043.52	1.15	1.9	24.011	0.11	2.641	146	0.308	"Poor"	"False"	"Review"	"Probability of Accept: 0.574"
"chr12-56715885-56715886-T-C"	"369.NACA.ENST00000550952.6.missense.729T/A"	NA	NA	1	NA	NA	"NACA"	"T729A"	1	"TPSAKQPVA"	"ENST00000550952.6"	2	"HLA-B*35:01"	"9"	"None"	1	0	2373.484	3577.63	2.405	6.235	1419.632	0.286	406.015	21	0.334	"Poor"	"False"	"Review"	"Probability of Accept: 0.287"
"chr11-126292755-126292756-G-T"	"340.TIRAP.ENST00000392678.7.missense.116C/F"	NA	3	NA	NA	NA	"TIRAP"	"C116F"	3	"SLRFFLQL"	"ENST00000392678.7"	1	"HLA-B*08:01"	"4"	"None"	3	0	593.7	590.851	0.505	0.952	10.392	0.273	2.837	121	0.51	"Poor"	"False"	"Accept"	"Probability of Accept: 0.676"
"chr2-85645062-85645063-C-G"	"44.USP39.ENST00000323701.11.missense.515R/G"	NA	NA	1	NA	NA	"USP39"	"R515G"	1	"KPSEGSYGI"	"ENST00000323701.11"	1	"HLA-B*35:01"	"8"	"None"	1	0	1943.372	2299.443	2.9	3.6	70.518	0.369	26.021	956	0.297	"Poor"	"False"	"Review"	"Probability of Accept: 0.242"
"chr20-63560554-63560555-T-C"	"504.HELZ2.ENST00000467148.1.missense.2475H/R"	NA	2	NA	NA	NA	"HELZ2"	"H2475R"	2	"QGRERSLL"	"ENST00000467148.1"	1	"HLA-B*08:01"	"3"	"None"	2	0	713.355	1793.055	0.813	1.9	28.752	0.137	3.939	315	0.329	"Poor"	"False"	"Accept"	"Probability of Accept: 0.708"
"chr10-96057879-96057880-G-A"	"292.CCNJ.ENST00000265992.9.missense.253G/E"	NA	NA	2	NA	NA	"CCNJ"	"G253E"	3	"EPQSAQLSVF"	"ENST00000265992.9"	1	"HLA-B*35:01"	"1"	"None"	2	0	559.4	639.238	0.555	1.2	8.269	0.304	2.514	421	0.389	"Poor"	"False"	"Accept"	"Probability of Accept: 0.81"
"chr20-41491708-41491709-G-C"	"501.CHD6.ENST00000373233.8.missense.475N/K"	NA	1	NA	NA	NA	"CHD6"	"N475K"	1	"KWYNRKNCIL"	"ENST00000373233.8"	1	"HLA-B*08:01"	"1"	"None"	1	0	2356.185	846.045	2.925	1.725	171.564	0.291	49.925	258	0.338	"Poor"	"False"	"Review"	"Probability of Accept: 0.392"
"chr12-112087740-112087741-T-C"	"382.NAA25.ENST00000261745.9.missense.115Y/C"	NA	NA	1	NA	NA	"NAA25"	"Y115C"	1	"CHSHLFMAY"	"ENST00000261745.9"	1	"HLA-B*35:01"	"1"	"None"	1	0	1747.33	302.41	2.94	1.498	43.552	0.265	11.541	461	0.307	"Poor"	"False"	"Review"	"Probability of Accept: 0.312"
"chr9-122788966-122788967-C-A"	"267.OR5C1.ENST00000373680.3.missense.12A/D"	NA	NA	1	NA	NA	"OR5C1"	"A12D"	1	"RAAVDPAEF"	"ENST00000373680.3"	NA	"HLA-B*35:01"	"5"	"None"	1	1	331.115	230.33	1.24	0.996	0	0.167	0	12	0.536	"Poor"	"False"	"Reject"	"Probability of Accept: 0.037"
"chr9-121025516-121025517-A-G"	"266.C5.ENST00000223642.3.missense.313Y/H"	1	NA	NA	NA	NA	"C5"	"Y313H"	1	"HSLEDLNNKY"	"ENST00000223642.3"	1	"HLA-A*01:01"	"1"	"None"	1	0	837.759	422.303	0.375	0.201	8.777	0.3	2.633	70	0.567	"Poor"	"False"	"Accept"	"Probability of Accept: 0.633"
"chr12-119145531-119145532-A-T"	"389.SRRM4.ENST00000267260.5.missense.308E/V"	NA	1	NA	NA	NA	"SRRM4"	"E308V"	1	"SARSRGQV"	"ENST00000267260.5"	1	"HLA-B*08:01"	"8"	"None"	1	0	1285.925	8998.89	2.996	11.145	11.686	0.429	5.013	49	0.358	"Poor"	"False"	"Review"	"Probability of Accept: 0.344"
"chr2-178014386-178014387-C-A"	"72.PDE11A.ENST00000286063.11.missense.329R/L"	NA	NA	2	NA	NA	"PDE11A"	"R329L"	2	"MPILSSDGEI"	"ENST00000286063.11"	1	"HLA-B*35:01"	"4"	"None"	2	0	646.124	860.955	1.005	1.205	1.686	0.577	0.973	26	0.342	"Poor"	"False"	"Review"	"Probability of Accept: 0.506"
"chr12-29316987-29316988-T-A"	"355.FAR2.ENST00000182377.8.missense.368L/Q"	NA	NA	NA	NA	1	"FAR2"	"L368Q"	1	"IIYDCYQRL"	"ENST00000182377.8"	1	"HLA-C*07:01"	"7"	"None"	1	0	1530.605	2189.656	3.962	2.644	21.551	0.318	6.853	362	0.306	"Poor"	"False"	"Review"	"Probability of Accept: 0.347"
"chr14-105143607-105143608-T-A"	"416.JAG2.ENST00000331782.8.missense.1039S/C"	NA	NA	1	NA	NA	"JAG2"	"S1039C"	1	"LPDCSLIQG"	"ENST00000331782.8"	1	"HLA-B*35:01"	"4"	"None"	1	0	3012.879	2530.716	5.8	3.45	52.16	0.309	16.117	376	0.351	"Poor"	"False"	"Review"	"Probability of Accept: 0.401"
"chr19-51964911-51964912-T-C"	"487.ZNF350.ENST00000243644.9.missense.514N/S"	NA	NA	1	NA	NA	"ZNF350"	"N514S"	1	"NAVSVVVPS"	"ENST00000243644.9"	1	"HLA-B*35:01"	"4"	"None"	1	0	1369.955	2040.205	3.7	4.9	11.539	0.362	4.177	152	0.554	"Poor"	"False"	"Review"	"Probability of Accept: 0.344"
"chr1-184831901-184831902-C-A"	"28.NIBAN1.ENST00000367511.4.missense.221R/L"	NA	NA	1	NA	NA	"NIBAN1"	"R221L"	1	"FFLQEKGHY"	"ENST00000367511.4"	1	"HLA-B*35:01"	"3"	"None"	1	0	3119.138	6405.185	4.366	9.674	49.818	0.271	13.501	1017	0.291	"Poor"	"False"	"Accept"	"Probability of Accept: 0.611"
"chr19-8958135-8958136-G-T"	"463.MUC16.ENST00000397910.8.missense.6212P/T"	NA	1	NA	NA	NA	"MUC16"	"P6212T"	1	"VLKTSTFSA"	"ENST00000397910.8"	5	"HLA-B*08:01"	"6"	"None"	1	0	1137.069	1992.425	2.35	2.675	11.421	0.096	1.096	167	0.377	"Poor"	"False"	"Review"	"Probability of Accept: 0.257"
"chr10-73139674-73139675-A-G"	"290.ECD.ENST00000430082.6.missense.430I/T"	NA	NA	1	NA	NA	"ECD"	"I430T"	1	"IPFDTEDLK"	"ENST00000430082.6"	1	"HLA-B*35:01"	"5"	"None"	1	0	3156.81	3052.398	3.405	2.855	59.345	0.203	12.047	675	0.092	"Poor"	"False"	"Review"	"Probability of Accept: 0.219"
"chr1-183900201-183900202-C-T"	"26.RGL1.ENST00000304685.8.missense.463T/I"	2	NA	NA	NA	NA	"RGL1"	"T463I"	2	"LTDLIMLDT"	"ENST00000304685.8"	1	"HLA-A*01:01"	"5"	"None"	2	0	647.901	675.773	0.425	0.45	13.813	0.013	0.18	310	0.321	"Poor"	"False"	"Review"	"Probability of Accept: 0.239"
"chr2-96269342-96269343-A-G"	"49.CIAO1.ENST00000488633.2.missense.256Y/C"	NA	NA	NA	NA	1	"CIAO1"	"Y256C"	1	"FHSRTICDI"	"ENST00000488633.2"	1	"HLA-C*07:01"	"7"	"None"	1	0	3643.495	2867.42	6.266	6.573	53.882	0.253	13.632	1077	0.393	"Poor"	"False"	"Review"	"Probability of Accept: 0.377"
"chr5-132763824-132763825-G-T"	"188.SEPTIN8.ENST00000378719.7.missense.139R/S"	1	2	NA	NA	NA	"SEPTIN8"	"R139S"	11	"KISRSLFDY"	"ENST00000378719.7"	1	"HLA-A*01:01"	"3"	"None"	3	1	3269.855	8151.578	1.65	5.95	88.175	0.133	11.727	1120	0.356	"Poor"	"False"	"Review"	"Probability of Accept: 0.421"
"chr17-65558017-65558018-C-G"	"441.AXIN2.ENST00000307078.10.missense.201R/S"	2	NA	2	NA	NA	"AXIN2"	"R201S"	4	"SSGGENTAY"	"ENST00000307078.10"	1	"HLA-B*35:01"	"1"	"None"	3	0	732.201	2012.02	2.1	4	11.322	0.017	0.192	117	0.237	"Poor"	"False"	"Reject"	"Probability of Accept: 0.187"
"chr12-10218084-10218085-A-T"	"347.GABARAPL1.ENST00000266458.10.missense.38K/I"	NA	1	1	NA	NA	"GABARAPL1"	"K38I"	5	"APIARVPDL"	"ENST00000266458.10"	1	"HLA-B*35:01"	"3"	"None"	1	0	2396.409	11184.592	1.595	6.9	86.919	0.097	8.431	677	0.374	"Poor"	"False"	"Review"	"Probability of Accept: 0.519"
"chr5-150700882-150700883-T-A"	"197.RBM22.ENST00000521464.1.missense.9H/L"	NA	NA	1	NA	NA	"RBM22"	"H9L"	1	"MEGGGEAAL"	"ENST00000521464.1"	4	"HLA-B*35:01"	"9"	"None"	1	0	4709.725	6592.371	7.25	10.95	95.298	0.234	22.3	77	0.399	"Poor"	"False"	"Reject"	"Probability of Accept: 0.167"
"chr10-44984851-44984852-G-A"	"275.RASSF4.ENST00000340258.10.missense.138R/Q"	NA	1	NA	NA	NA	"RASSF4"	"R138Q"	1	"LMQTKSDASCM"	"ENST00000340258.10"	1	"HLA-B*08:01"	"3"	"None"	1	0	2274.353	641.999	3.227	1.489	66.875	0.095	6.353	755	0.333	"Poor"	"False"	"Reject"	"Probability of Accept: 0.167"
"chr8-12729003-12729004-C-T"	"242.LONRF1.ENST00000525024.5.missense.62R/K"	NA	NA	NA	NA	1	"LONRF1"	"R62K"	1	"FLPDGKSVV"	"ENST00000525024.5"	1	"HLA-C*07:01"	"6"	"None"	1	0	2667.965	1624	1.826	2.015	16.461	0.442	7.276	339	0.7	"Poor"	"False"	"Review"	"Probability of Accept: 0.536"
"chr11-70486268-70486269-C-G"	"326.SHANK2.ENST00000409161.5.missense.746D/H"	NA	1	NA	NA	NA	"SHANK2"	"D746H"	6	"EMKPHSSPS"	"ENST00000409161.5"	1	"HLA-B*08:01"	"5"	"None"	1	0	804.55	9037.995	2.05	9.925	0.728	0.158	0.115	19	0.282	"Poor"	"False"	"Reject"	"Probability of Accept: 0.125"
"chr19-12627915-12627916-G-C"	"469.ZNF791.ENST00000343325.9.missense.129E/D"	NA	NA	1	NA	NA	"ZNF791"	"E129D"	1	"TGYELFDKPY"	"ENST00000343325.9"	1	"HLA-B*35:01"	"7"	"None"	1	0	3126.183	4729.844	4.8	5.373	36.747	0.232	8.525	509	0.427	"Poor"	"True"	"Review"	"Probability of Accept: 0.217"
"chr7-48587175-48587176-G-C"	"227.ABCA13.ENST00000435803.6.missense.4843R/P"	NA	1	NA	NA	NA	"ABCA13"	"R4843P"	3	"LIRPLHLEA"	"ENST00000435803.6"	1	"HLA-B*08:01"	"4"	"None"	1	0	1170.146	409.74	2.192	1.25	15.775	0.016	0.252	128	0.293	"Poor"	"False"	"Reject"	"Probability of Accept: 0.132"
"chr3-119431985-119431986-T-G"	"97.TMEM39A.ENST00000319172.10.missense.488N/H"	NA	NA	1	NA	NA	"TMEM39A"	"N488H"	1	"YPLNSYELKAH"	"ENST00000319172.10"	1	"HLA-B*35:01"	"11"	"None"	1	0	4047.905	8113.873	2.6	11	73.225	0.151	11.057	212	0.289	"Poor"	"False"	"Review"	"Probability of Accept: 0.347"
"chr4-1322411-1322412-C-G"	"101.MAEA.ENST00000303400.9.missense.163A/G"	NA	1	NA	NA	NA	"MAEA"	"A163G"	1	"FLTGKEVEESL"	"ENST00000303400.9"	1	"HLA-B*08:01"	"4"	"None"	1	0	6036.702	5900.938	5.5	4.885	86.379	0.182	15.721	570	0.351	"Poor"	"False"	"Reject"	"Probability of Accept: 0.185"
"chr2-27847065-27847066-C-T"	"35.RBKS.ENST00000302188.8.missense.109A/T"	NA	NA	1	NA	NA	"RBKS"	"A109T"	1	"DAATGTTSI"	"ENST00000302188.8"	1	"HLA-B*35:01"	"7"	"None"	1	0	1683.273	1602.503	3.8	3.75	6.137	0.111	0.681	63	0.137	"Poor"	"False"	"Reject"	"Probability of Accept: 0.09"
"chr16-30927786-30927787-G-A"	"425.FBXL19.ENST00000427128.5.missense.106E/K"	NA	1	NA	NA	NA	"FBXL19"	"E106K"	1	"NGKEGASL"	"ENST00000427128.5"	1	"HLA-B*08:01"	"3"	"None"	1	0	2935.736	17615.695	3.463	25.29	21.005	0.175	3.676	496	0.252	"Poor"	"False"	"Review"	"Probability of Accept: 0.212"
"chr1-100918081-100918082-C-T"	"12.SLC30A7.ENST00000357650.9.missense.221P/S"	NA	NA	NA	NA	1	"SLC30A7"	"P221S"	1	"FHSHDGSSL"	"ENST00000357650.9"	1	"HLA-C*07:01"	"7"	"None"	1	0	1802.262	1157.287	1.94	2.11	7.884	0.135	1.064	288	0.218	"Poor"	"False"	"Review"	"Probability of Accept: 0.299"
"chr16-88837724-88837725-C-T"	"430.GALNS.ENST00000268695.10.missense.155G/R"	NA	NA	1	NA	NA	"GALNS"	"G155R"	1	"HPLKHRFDEW"	"ENST00000268695.10"	1	"HLA-B*35:01"	"6"	"None"	1	0	2238.734	1675.247	2.1	1.41	21.583	0.115	2.482	192	0.603	"Poor"	"False"	"Review"	"Probability of Accept: 0.254"
"chr6-31575889-31575890-T-A"	"200.TNF.ENST00000449264.3.missense.50L/Q"	NA	1	NA	NA	NA	"TNF"	"L50Q"	1	"FCQLHFGVI"	"ENST00000449264.3"	1	"HLA-B*08:01"	"3"	"None"	1	0	1233.99	862.758	2.15	1.905	0.152	0.239	0.036	46	0.401	"Poor"	"False"	"Reject"	"Probability of Accept: 0.065"
"chr4-112617871-112617872-C-T"	"132.ZGRF1.ENST00000309071.9.missense.724D/N"	NA	1	NA	NA	NA	"ZGRF1"	"D724N"	1	"DLDKNNEHVL"	"ENST00000309071.9"	1	"HLA-B*08:01"	"6"	"None"	1	0	4509.26	9954.89	5.75	10.35	23.173	0.358	8.296	285	0.293	"Poor"	"False"	"Reject"	"Probability of Accept: 0.192"
"chr7-38429065-38429066-G-A"	"224.AMPH.ENST00000441628.5.missense.316A/V"	NA	NA	1	NA	NA	"AMPH"	"A316V"	1	"EVCQKASGGSF"	"ENST00000441628.5"	1	"HLA-B*35:01"	"2"	"None"	1	0	4394.329	4055.342	9.3	4.9	39.101	0.196	7.664	138	0.29	"Poor"	"False"	"Review"	"Probability of Accept: 0.244"
"chr4-166734940-166734941-C-T"	"162.SPOCK3.ENST00000502330.5.missense.431D/N"	NA	NA	1	NA	NA	"SPOCK3"	"D431N"	1	"DGGDNHDVY"	"ENST00000502330.5"	1	"HLA-B*35:01"	"5"	"None"	1	0	1782.815	2804.155	4	4	1.641	0.25	0.41	8	0.272	"Poor"	"False"	"Reject"	"Probability of Accept: 0.112"
"chr7-151224984-151224985-A-G"	"237.ABCF2.ENST00000287844.7.missense.53V/A"	NA	NA	1	NA	NA	"ABCF2"	"V53A"	1	"EADLLTKEL"	"ENST00000287844.7"	1	"HLA-B*35:01"	"2"	"None"	1	0	3523.834	6784.073	6.35	12.8	15.008	0.196	2.942	718	0.362	"Poor"	"False"	"Reject"	"Probability of Accept: 0.18"
"chr6-73452086-73452087-A-T"	"203.CGAS.ENST00000370315.4.missense.32M/K"	NA	NA	1	NA	NA	"CGAS"	"M32K"	1	"APKDPNESPA"	"ENST00000370315.4"	1	"HLA-B*35:01"	"3"	"None"	1	0	10390.139	3324.324	13	3.8	30.201	0.384	11.597	424	0.38	"Poor"	"False"	"Review"	"Probability of Accept: 0.312"
"chr1-37540620-37540621-G-C"	"6.SNIP1.ENST00000296215.8.missense.154N/K"	NA	1	NA	NA	NA	"SNIP1"	"N154K"	1	"HSHQRRTSK"	"ENST00000296215.8"	1	"HLA-B*08:01"	"9"	"None"	1	0	6830.897	6552.336	10.2	7.8	43.159	0.21	9.063	372	0.35	"Poor"	"False"	"Reject"	"Probability of Accept: 0.157"
"chr10-56358836-56358837-C-A"	"284.ZWINT.ENST00000373944.8.missense.197Q/H"	NA	1	NA	NA	NA	"ZWINT"	"Q197H"	1	"LGNLKHQAE"	"ENST00000373944.8"	1	"HLA-B*08:01"	"6"	"None"	1	0	4712.585	12849.796	4.95	12.373	146.285	0.037	5.413	1479	0.083	"Poor"	"False"	"Review"	"Probability of Accept: 0.349"
"chr17-81202239-81202240-C-T"	"445.CEP131.ENST00000269392.8.missense.263R/K"	1	NA	NA	NA	NA	"CEP131"	"R263K"	1	"VTEEEAEKF"	"ENST00000269392.8"	1	"HLA-A*01:01"	"8"	"None"	1	0	3626.561	2271.184	1.35	0.847	36.673	0.058	2.127	139	0.352	"Poor"	"False"	"Review"	"Probability of Accept: 0.464"
"chr11-8100865-8100866-C-A"	"306.TUB.ENST00000305253.8.missense.474T/K"	NA	1	NA	NA	NA	"TUB"	"T474K"	1	"QNKNKESII"	"ENST00000305253.8"	1	"HLA-B*08:01"	"5"	"None"	1	0	1967.272	11353.303	3.3	16.5	3.535	0.04	0.141	75	0.275	"Poor"	"False"	"Reject"	"Probability of Accept: 0.112"
"chr3-187669228-187669229-T-A"	"100.SST.ENST00000287641.4.missense.63T/S"	NA	NA	1	NA	NA	"SST"	"T63S"	1	"EPNQSENDAL"	"ENST00000287641.4"	1	"HLA-B*35:01"	"5"	"None"	1	0	3082.461	2927.723	1.916	1.758	4.078	0.115	0.469	52	0.218	"Poor"	"False"	"Reject"	"Probability of Accept: 0.18"
"chr19-56588240-56588241-C-A"	"494.ZNF470.ENST00000601902.5.missense.100P/Q"	NA	NA	1	NA	NA	"ZNF470"	"P100Q"	1	"CPDILKMQH"	"ENST00000601902.5"	1	"HLA-B*35:01"	"8"	"None"	1	0	3468.275	879.199	3.849	2.63	3.38	0.222	0.75	9	0.407	"Poor"	"False"	"Reject"	"Probability of Accept: 0.142"
"chr11-15190779-15190780-A-T"	"308.INSC.ENST00000379554.7.missense.267Q/L"	NA	NA	1	NA	NA	"INSC"	"Q267L"	1	"FSLTLEGAPL"	"ENST00000379554.7"	1	"HLA-B*35:01"	"5"	"None"	1	0	4210.02	4248.98	5.95	5.962	3.031	0.176	0.533	17	0.243	"Poor"	"False"	"Reject"	"Probability of Accept: 0.197"
"chr2-178636445-178636446-G-A"	"78.TTN.ENST00000589042.5.missense.13761R/C"	NA	NA	NA	NA	1	"TTN"	"R13761C"	1	"GEYTCVLCL"	"ENST00000589042.5"	5	"HLA-C*07:01"	"8"	"None"	1	0	4342.27	5087.6	11.1	6.85	2.546	0.18	0.458	50	0.354	"Poor"	"False"	"Review"	"Probability of Accept: 0.217"
"chr6-84152880-84152881-CT-C"	"206.CEP162.ENST00000257766.8.FS.1022CT/C"	NA	NA	NA	NA	1	"CEP162"	"FS1022"	1	"EKYKTSQKL"	"ENST00000257766.8"	1	"HLA-C*07:01"	NA	"None"	1	0	3478.343	NA	4.45	NA	21.313	0.005	0.107	183	0.087	"Poor"	"False"	"Reject"	"Probability of Accept: 0.102"
"chr1-109612862-109612863-C-T"	"17.GNAT2.ENST00000351050.8.missense.3S/N"	NA	NA	1	NA	NA	"GNAT2"	"S3N"	1	"MGNGASAED"	"ENST00000351050.8"	1	"HLA-B*35:01"	"3"	"None"	1	0	8487.789	9531.078	14.401	16.185	0.209	0.192	0.04	26	0.387	"Poor"	"False"	"Reject"	"Probability of Accept: 0.07"
"chr2-165994310-165994311-C-A"	"62.SCN1A.ENST00000303395.9.missense.1563D/Y"	1	NA	2	NA	NA	"SCN1A"	"D1563Y"	10	"MVTMMVETY"	"ENST00000303395.9"	5	"HLA-B*35:01"	"9"	"None"	2	2	16.592	8437.164	0.28	19.98	0.166	0	0	0	0.338	"NoExpr"	"False"	"Reject"	"Probability of Accept: 0.075"
"chr2-76748907-76748908-G-T"	"37.LRRTM4.ENST00000409884.6.missense.520H/Q"	NA	2	2	NA	NA	"LRRTM4"	"H520Q"	3	"MPQHMKPLPY"	"ENST00000409884.6"	1	"HLA-B*35:01"	"3"	"None"	4	3	21.883	21.813	0.099	0.085	0.758	0	0	0	0.298	"NoExpr"	"False"	"Reject"	"Probability of Accept: 0.052"
"chr3-98283311-98283312-A-C"	"96.OR5H2.ENST00000355273.3.missense.137N/T"	NA	1	2	NA	NA	"OR5H2"	"N137T"	1	"YPVIMTNSL"	"ENST00000355273.3"	NA	"HLA-B*35:01"	"6"	"None"	2	1	36.274	55.978	0.063	0.116	0	0	0	0	0.367	"NoExpr"	"True"	"Reject"	"Probability of Accept: 0.062"
"chr11-61781248-61781249-AC-A"	"317.MYRF.ENST00000278836.10.FS.895AC/A"	NA	5	11	NA	NA	"MYRF"	"FS895"	3	"WPALQSPSL"	"ENST00000278836.10"	1	"HLA-B*35:01"	NA	"None"	15	10	38.295	NA	0.197	NA	0.219	0	0	6	0.254	"NoExpr"	"False"	"Reject"	"Probability of Accept: 0.03"
"chr1-152760065-152760066-C-A"	"23.KPRP.ENST00000606109.1.missense.160Q/K"	NA	1	3	NA	NA	"KPRP"	"Q160K"	1	"CPAPKPVQM"	"ENST00000606109.1"	NA	"HLA-B*35:01"	"5"	"None"	3	1	64.431	25.912	0.38	0.338	0.034	0	0	0	0.366	"NoExpr"	"False"	"Reject"	"Probability of Accept: 0.02"
"chr1-77293828-77293829-A-G"	"10.AK5.ENST00000354567.7.missense.95Y/C"	NA	2	1	NA	1	"AK5"	"Y95C"	3	"FPYRRCDRL"	"ENST00000354567.7"	1	"HLA-B*08:01"	"6"	"None"	3	2	64.835	52.302	0.098	0.062	4.622	0	0	48	0.237	"NoExpr"	"False"	"Reject"	"Probability of Accept: 0.045"
"chr9-72792259-72792260-G-T"	"257.TMC1.ENST00000297784.10.missense.492A/S"	NA	1	1	NA	NA	"TMC1"	"A492S"	6	"MIKAYNSSF"	"ENST00000297784.10"	1	"HLA-B*08:01"	"7"	"None"	1	1	74.217	84.721	0.281	0.271	0.324	0	0	3	0.308	"NoExpr"	"False"	"Reject"	"Probability of Accept: 0.017"
"chr12-52517610-52517610-C-CG"	"365.KRT5.ENST00000252242.9.FS.357-358C/CG"	NA	NA	NA	NA	1	"KRT5"	"FS357-358"	3	"SRTEARVLV"	"ENST00000252242.9"	1	"HLA-C*07:01"	"6, 7, 8, 9"	"None"	1	1	82.35	1027.794	0.184	1.353	147.19	0	0	1093	0.365	"NoExpr"	"False"	"Reject"	"Probability of Accept: 0.107"
"chr14-20197740-20197741-T-G"	"400.OR11G2.ENST00000641682.1.missense.102F/V"	2	1	2	NA	NA	"OR11G2"	"F102V"	2	"FSGCVLQFY"	"ENST00000641682.1"	NA	"HLA-A*01:01"	"5"	"None"	4	1	100.607	86.784	0.2	0.2	0	0	0	0	0.097	"NoExpr"	"False"	"Reject"	"Probability of Accept: 0.005"
"chr8-76854977-76854978-C-A"	"247.ZFHX4.ENST00000518282.5.missense.2660A/E"	NA	3	NA	NA	NA	"ZFHX4"	"A2660E"	2	"LFKEKSAL"	"ENST00000518282.5"	5	"HLA-B*08:01"	"4"	"None"	3	2	117.275	188.58	0.34	0.333	1.957	0	0	5	0.459	"NoExpr"	"False"	"Reject"	"Probability of Accept: 0.025"
"chr11-6271329-6271330-G-T"	"303.CCKBR.ENST00000525462.1.missense.446L/F"	1	NA	3	NA	NA	"CCKBR"	"L446F"	3	"ISFIHFLSY"	"ENST00000525462.1"	1	"HLA-B*35:01"	"6"	"None"	3	1	122.01	190.666	0.805	0.75	0.02	0	0	0	0.635	"NoExpr"	"False"	"Reject"	"Probability of Accept: 0.032"
"chr8-86064473-86064474-C-G"	"249.PSKH2.ENST00000276616.3.missense.115V/L"	NA	4	NA	NA	2	"PSKH2"	"V115L"	1	"RRLSHRYIV"	"ENST00000276616.3"	1	"HLA-C*07:01"	"3"	"None"	5	2	184.24	194.53	0.227	0.276	0	0	0	0	0.231	"NoExpr"	"False"	"Reject"	"Probability of Accept: 0.052"
"chr11-123805708-123805709-G-A"	"339.OR6M1.ENST00000309154.3.missense.214S/F"	4	NA	3	NA	NA	"OR6M1"	"S214F"	1	"LAFTTGFYVY"	"ENST00000309154.3"	NA	"HLA-B*35:01"	"7"	"None"	6	4	199.49	147.365	0.3	0.225	0	0	0	0	0.485	"NoExpr"	"False"	"Reject"	"Probability of Accept: 0.02"
"chr3-69938012-69938013-G-T"	"84.MITF.ENST00000352241.9.missense.182M/I"	NA	NA	1	NA	NA	"MITF"	"M182I"	12	"SAPNSPIAM"	"ENST00000352241.9"	1	"HLA-B*35:01"	"7"	"None"	1	1	208.095	546.985	0.875	1.315	17.55	0	0	174	0.348	"NoExpr"	"False"	"Reject"	"Probability of Accept: 0.035"
"chr3-98168741-98168742-A-T"	"95.OR5H15.ENST00000641450.1.missense.15T/S"	1	NA	NA	NA	NA	"OR5H15"	"T15S"	1	"LTEFVLSGFLY"	"ENST00000641450.1"	NA	"HLA-A*01:01"	"7"	"None"	1	1	211.467	215.673	0.068	0.081	0	0	0	0	0.342	"NoExpr"	"False"	"Reject"	"Probability of Accept: 0.055"
"chr3-146600307-146600308-C-T"	"98.PLSCR5.ENST00000443512.2.missense.57G/S"	2	NA	3	NA	NA	"PLSCR5"	"G57S"	2	"VSLPPSLEY"	"ENST00000443512.2"	1	"HLA-B*35:01"	"6"	"None"	4	1	241.988	522.501	1.18	1.86	0.009	0	0	0	0.687	"NoExpr"	"False"	"Reject"	"Probability of Accept: 0.037"
"chr1-248349457-248349458-GA-G"	"33.OR14C36.ENST00000317861.1.FS.228GA/G"	2	NA	4	NA	2	"OR14C36"	"FS228"	1	"FPREQTEQRPF"	"ENST00000317861.1"	NA	"HLA-B*35:01"	NA	"None"	8	3	265.765	NA	0.439	NA	0.041	0	0	0	0.099	"NoExpr"	"False"	"Reject"	"Probability of Accept: 0.012"
"chr10-49325143-49325144-G-T"	"282.C10orf71.ENST00000374144.8.missense.867V/L"	NA	4	NA	NA	NA	"C10orf71"	"V867L"	1	"LIKPIMLPL"	"ENST00000374144.8"	1	"HLA-B*08:01"	"1"	"None"	4	1	305.251	858.048	0.645	1.048	0.024	0	0	0	0.369	"NoExpr"	"False"	"Reject"	"Probability of Accept: 0.017"
"chr11-102949107-102949108-G-A"	"336.MMP13.ENST00000340273.4.missense.323T/M"	NA	3	NA	NA	NA	"MMP13"	"T323M"	2	"FLMKSFWPE"	"ENST00000340273.4"	1	"HLA-B*08:01"	"3"	"None"	3	3	309.65	979.864	0.695	3.45	7.919	0	0	137	0.058	"NoExpr"	"False"	"Reject"	"Probability of Accept: 0.06"
"chr19-54939577-54939578-G-A"	"491.NLRP7.ENST00000588756.5.missense.414T/M"	NA	4	NA	NA	NA	"NLRP7"	"T414M"	5	"RGALRMLSL"	"ENST00000588756.5"	1	"HLA-B*08:01"	"6"	"None"	4	1	323.3	174.01	0.655	0.465	0	0	0	0	0.372	"NoExpr"	"False"	"Reject"	"Probability of Accept: 0.027"
"chr11-5454311-5454312-T-A"	"301.OR51I2.ENST00000641930.1.missense.275L/H"	NA	1	3	NA	1	"OR51I2"	"L275H"	1	"YIHVHMSNVY"	"ENST00000641930.1"	NA	"HLA-B*35:01"	"5"	"None"	5	2	336.135	343.575	0.73	0.92	0	0	0	4	0.603	"NoExpr"	"False"	"Reject"	"Probability of Accept: 0.002"
"chr21-36719956-36719957-A-G"	"507.SIM2.ENST00000483178.2.missense.65N/S"	NA	2	NA	NA	1	"SIM2"	"N65S"	1	"RGKKKSRL"	"ENST00000483178.2"	3	"HLA-B*08:01"	"6"	"None"	2	1	353.349	330.17	0.587	0.645	0.031	0	0	0	0.365	"NoExpr"	"False"	"Reject"	"Probability of Accept: 0.015"
"chr2-120349175-120349176-G-C"	"54.INHBB.ENST00000295228.4.missense.176A/P"	2	NA	3	NA	NA	"INHBB"	"A176P"	1	"FVVQPSLWLY"	"ENST00000295228.4"	1	"HLA-B*35:01"	"5"	"None"	3	1	373.89	217.84	0.59	0.455	5.56	0	0	134	0.373	"NoExpr"	"False"	"Reject"	"Probability of Accept: 0.062"
"chr19-18097814-18097815-G-T"	"485.MAST3.ENST00000262811.10.missense.8R/L"	NA	1	NA	NA	1	"MAST3"	"R8L"	2	"SLLLRRGL"	"ENST00000262811.10"	1	"HLA-B*08:01"	"4"	"None"	2	1	381.833	247.58	0.459	0.519	9.857	0	0	4	0.341	"NoExpr"	"False"	"Reject"	"Probability of Accept: 0.025"
"chr21-30480072-30480073-C-A"	"505.KRTAP19-1.ENST00000390689.3.missense.82G/V"	NA	NA	2	NA	1	"KRTAP19-1"	"G82V"	1	"CRPSYNVGY"	"ENST00000390689.3"	NA	"HLA-C*07:01"	"7"	"None"	3	1	414.96	1213.48	1.7	2.991	0.047	0	0	1	0.36	"NoExpr"	"False"	"Reject"	"Probability of Accept: 0.045"
"chr11-5058810-5058811-T-A"	"300.OR52E2.ENST00000321522.2.missense.273I/F"	NA	3	2	NA	1	"OR52E2"	"I273F"	1	"NVPRYFHIL"	"ENST00000321522.2"	NA	"HLA-B*08:01"	"6"	"None"	5	3	469.366	1606.263	0.969	2.5	0	0	0	0	0.202	"NoExpr"	"False"	"Reject"	"Probability of Accept: 0.03"
"chr5-24511378-24511379-A-T"	"177.CDH10.ENST00000264463.8.missense.317F/Y"	1	NA	NA	NA	NA	"CDH10"	"F317Y"	1	"IIDGDGTDMY"	"ENST00000264463.8"	1	"HLA-A*01:01"	"10"	"None"	1	0	529.103	5235.27	0.15	2.4	0.009	0	0	0	0.267	"NoExpr"	"False"	"Reject"	"Probability of Accept: 0.047"
"chr12-2550565-2550566-G-A"	"346.CACNA1C.ENST00000491104.2.missense.131E/K"	NA	NA	NA	NA	2	"CACNA1C"	"E131K"	1	"SRSAVKPAV"	"ENST00000491104.2"	5	"HLA-C*07:01"	"6"	"None"	2	0	551.856	898.829	0.71	1.4	35.751	0	0	49	0.377	"NoExpr"	"False"	"Reject"	"Probability of Accept: 0.082"
"chr2-1542584-1542585-A-T"	"34.TPO.ENST00000446278.5.missense.403H/L"	NA	1	NA	NA	NA	"TPO"	"H403L"	1	"SAGRLFSQL"	"ENST00000446278.5"	5	"HLA-B*08:01"	"9"	"None"	1	0	565.16	17183.255	1.2	26	0.758	0	0	6	0.344	"NoExpr"	"False"	"Reject"	"Probability of Accept: 0.065"
"chr14-87950711-87950712-G-T"	"411.GALC.ENST00000261304.7.missense.400P/T"	NA	NA	NA	NA	1	"GALC"	"P400T"	4	"TYFNVSQQF"	"ENST00000261304.7"	1	"HLA-C*07:01"	"1"	"None"	1	0	594.285	6186.343	0.958	6.092	31.142	0	0	297	0.252	"NoExpr"	"False"	"Reject"	"Probability of Accept: 0.165"
"chr12-107319943-107319944-A-C"	"377.BTBD11.ENST00000490090.6.missense.335H/P"	NA	1	NA	NA	1	"BTBD11"	"H335P"	4	"HHHPHHHAL"	"ENST00000490090.6"	2	"HLA-B*08:01"	"4"	"None"	1	0	753.481	577.605	0.955	1.092	2.448	0	0	7	0.082	"NoExpr"	"False"	"Reject"	"Probability of Accept: 0.045"
"chr13-37651361-37651362-G-T"	"395.TRPC4.ENST00000625583.2.missense.661P/Q"	NA	NA	1	NA	NA	"TRPC4"	"P661Q"	6	"LPTPFNVIQ"	"ENST00000625583.2"	1	"HLA-B*35:01"	"9"	"None"	1	0	898.302	1958.989	0.709	1.304	5.348	0	0	34	0.489	"NoExpr"	"False"	"Reject"	"Probability of Accept: 0.077"
"chr1-101825133-101825134-C-G"	"14.OLFM3.ENST00000338858.9.missense.182A/P"	NA	1	NA	NA	1	"OLFM3"	"A182P"	3	"EIRNLSPVL"	"ENST00000338858.9"	1	"HLA-B*08:01"	"7"	"None"	2	0	1000.19	607.892	1.95	1.25	0	0	0	0	0.375	"NoExpr"	"False"	"Reject"	"Probability of Accept: 0.045"
"chr4-93455889-93455890-TC-T"	"127.GRID2.ENST00000282020.9.FS.592TC/T"	1	NA	NA	NA	NA	"GRID2"	"FS592"	3	"LLNWLNPHDY"	"ENST00000282020.9"	1	"HLA-A*01:01"	"8, 9, 10"	"None"	1	0	1036.668	23620.766	1	23.5	0.066	0	0	2	0.366	"NoExpr"	"False"	"Reject"	"Probability of Accept: 0.137"
"chr15-21439913-21439914-G-A"	"418.POTEB3.ENST00000611217.5.missense.33P/L"	NA	1	NA	NA	NA	"POTEB3"	"P33L"	1	"MGKWCHHRFL"	"ENST00000611217.5"	1	"HLA-B*08:01"	"10"	"None"	1	0	1049.255	14016.165	1.53	27	0	0	0	0	0.104	"NoExpr"	"False"	"Reject"	"Probability of Accept: 0.03"
"chr4-174976812-174976813-A-G"	"172.ADAM29.ENST00000404450.8.missense.430T/A"	NA	NA	1	NA	NA	"ADAM29"	"T430A"	6	"CALTDGSTCAF"	"ENST00000404450.8"	1	"HLA-B*35:01"	"2"	"None"	1	0	1163.655	3549.677	1.6	3.429	0.079	0	0	3	0.35	"NoExpr"	"False"	"Reject"	"Probability of Accept: 0.017"
"chr7-143397573-143397574-C-T"	"235.EPHA1.ENST00000275815.4.missense.567V/I"	NA	1	NA	NA	NA	"EPHA1"	"V567I"	1	"ILIFRSRRA"	"ENST00000275815.4"	1	"HLA-B*08:01"	"3"	"None"	1	0	1243.545	2810.885	2.6	4.05	1.012	0	0	18	0.344	"NoExpr"	"False"	"Reject"	"Probability of Accept: 0.015"
"chr17-41505290-41505291-C-G"	"436.KRT13.ENST00000246635.8.missense.87G/A"	NA	NA	1	NA	NA	"KRT13"	"G87A"	4	"FGGGFAAGF"	"ENST00000246635.8"	1	"HLA-B*35:01"	"7"	"None"	1	0	1298.92	2544.812	3.05	4.95	10.571	0	0	70	0.498	"NoExpr"	"False"	"Reject"	"Probability of Accept: 0.037"
"chr8-104355040-104355041-G-A"	"250.DCSTAMP.ENST00000297581.2.missense.398M/I"	NA	1	NA	NA	NA	"DCSTAMP"	"M398I"	1	"SILIQLKIL"	"ENST00000297581.2"	1	"HLA-B*08:01"	"4"	"None"	1	0	1353.633	623.193	2.582	1.65	0.701	0	0	9	0.259	"NoExpr"	"False"	"Reject"	"Probability of Accept: 0.007"
"chr2-124798112-124798113-G-C"	"55.CNTNAP5.ENST00000431078.1.missense.1003E/Q"	NA	NA	2	NA	NA	"CNTNAP5"	"E1003Q"	2	"QAGTSVTYM"	"ENST00000431078.1"	1	"HLA-B*35:01"	"1"	"None"	2	1	1364.163	1028.1	3.707	2.734	0.08	0	0	1	0.296	"NoExpr"	"False"	"Reject"	"Probability of Accept: 0.002"
"chr8-76705348-76705349-A-T"	"245.ZFHX4.ENST00000523885.2.missense.421T/S"	NA	NA	1	NA	NA	"ZFHX4"	"T421S"	1	"TPISSVSLSH"	"ENST00000523885.2"	4	"HLA-B*35:01"	"4"	"None"	1	0	1557.948	1666.689	0.87	1.347	1.957	0	0	23	0.496	"NoExpr"	"False"	"Reject"	"Probability of Accept: 0.012"
"chr13-103049387-103049388-C-T"	"399.SLC10A2.ENST00000245312.5.missense.274V/I"	NA	NA	1	NA	NA	"SLC10A2"	"V274I"	1	"CSTIIQLSF"	"ENST00000245312.5"	1	"HLA-B*35:01"	"5"	"None"	1	0	1742.94	1582.986	3	2.85	0	0	0	0	0.081	"NoExpr"	"False"	"Reject"	"Probability of Accept: 0"
"chr6-70137714-70137715-T-A"	"202.COL19A1.ENST00000620364.5.missense.472S/T"	NA	NA	1	NA	NA	"COL19A1"	"S472T"	1	"FPGTVGPKG"	"ENST00000620364.5"	1	"HLA-B*35:01"	"4"	"None"	1	0	1847.791	1272.938	2.082	1.774	0.252	0	0	2	0.278	"NoExpr"	"True"	"Reject"	"Probability of Accept: 0.007"
"chr4-118226916-118226917-T-A"	"158.NDST3.ENST00000296499.6.missense.585I/N"	NA	NA	NA	NA	1	"NDST3"	"I585N"	1	"HRDNWSKEK"	"ENST00000296499.6"	1	"HLA-C*07:01"	"4"	"None"	1	0	1886.493	5327.519	1.72	2.634	0.383	0	0	3	0.298	"NoExpr"	"False"	"Reject"	"Probability of Accept: 0.03"
"chr19-58053596-58053597-G-C"	"495.ZSCAN1.ENST00000282326.6.missense.258S/T"	NA	1	NA	NA	NA	"ZSCAN1"	"S258T"	1	"QTGRHQPSL"	"ENST00000282326.6"	2	"HLA-B*08:01"	"2"	"None"	1	0	1953.25	1892.775	3.183	2.8	0.109	0	0	3	0.539	"NoExpr"	"False"	"Reject"	"Probability of Accept: 0.01"
"chr1-176557213-176557214-AG-A"	"25.PAPPA2.ENST00000367662.5.FS.298AG/A"	NA	1	NA	NA	NA	"PAPPA2"	"FS298"	1	"QGRTRESGM"	"ENST00000367662.5"	1	"HLA-B*08:01"	NA	"None"	1	0	2025.638	NA	3.05	NA	0.109	0	0	7	0.33	"NoExpr"	"False"	"Reject"	"Probability of Accept: 0.01"
"chr2-137170781-137170782-G-C"	"59.THSD7B.ENST00000409968.6.missense.523G/R"	NA	1	NA	NA	NA	"THSD7B"	"G523R"	1	"RPAGHCPHL"	"ENST00000409968.6"	5	"HLA-B*08:01"	"1"	"None"	1	0	2038.98	4866.888	2.7	7.1	0.375	0	0	9	0.361	"NoExpr"	"False"	"Reject"	"Probability of Accept: 0.007"
"chr7-18793375-18793376-A-T"	"215.HDAC9.ENST00000441542.7.missense.749H/L"	NA	NA	1	NA	NA	"HDAC9"	"H749L"	1	"LLSSGAARM"	"ENST00000441542.7"	1	"HLA-B*35:01"	"2"	"None"	1	0	2216.262	5674.12	5.139	9.734	24.421	0	0	15	0.346	"NoExpr"	"False"	"Reject"	"Probability of Accept: 0.04"
"chr11-133842538-133842539-TG-T"	"344.SPATA19.ENST00000299140.8.FS.128TG/T"	NA	NA	NA	NA	1	"SPATA19"	"FS128"	1	"TRIFQVQVR"	"ENST00000299140.8"	1	"HLA-C*07:01"	"7, 8, 9"	"None"	1	0	2465.854	9935.133	1.65	7.41	0	0	0	0	0.253	"NoExpr"	"False"	"Reject"	"Probability of Accept: 0.06"
"chr11-101504489-101504490-C-T"	"331.TRPC6.ENST00000344327.8.missense.160R/Q"	NA	1	NA	NA	NA	"TRPC6"	"R160Q"	1	"LLKKENLSQV"	"ENST00000344327.8"	1	"HLA-B*08:01"	"9"	"None"	1	0	2712.66	3665.397	3.55	4.95	58.301	0	0	624	0.501	"NoExpr"	"False"	"Reject"	"Probability of Accept: 0.045"
"chr20-33238113-33238114-C-A"	"497.BPIFA1.ENST00000354297.9.missense.74L/M"	NA	NA	1	NA	NA	"BPIFA1"	"L74M"	1	"LPLMDILKPG"	"ENST00000354297.9"	1	"HLA-B*35:01"	"4"	"None"	1	0	3316.645	4405.34	3.55	5.2	149.543	0	0	1745	0.309	"NoExpr"	"False"	"Reject"	"Probability of Accept: 0.045"
"chrX-100585323-100585324-T-C"	"508.TNMD.ENST00000373031.5.missense.48W/R"	NA	1	NA	NA	NA	"TNMD"	"W48R"	1	"RGSKHFWPE"	"ENST00000373031.5"	1	"HLA-B*08:01"	"1"	"None"	1	0	3840.46	2091.444	6.35	4.135	0.023	0	0	3	0.643	"NoExpr"	"False"	"Reject"	"Probability of Accept: 0.017"
"chr11-48489704-48489705-A-G"	"315.OR4A47.ENST00000446524.2.missense.305I/V"	NA	1	NA	NA	NA	"OR4A47"	"I305V"	1	"MKKLWRRDLV"	"ENST00000446524.2"	NA	"HLA-B*08:01"	"10"	"None"	1	0	3973.899	2707.23	7.4	6.25	0.01	0	0	0	0.528	"NoExpr"	"False"	"Reject"	"Probability of Accept: 0.012"
"chr5-41052551-41052552-C-A"	"180.MROH2B.ENST00000399564.5.missense.381M/I"	NA	NA	1	NA	NA	"MROH2B"	"M381I"	1	"IQTICEKSY"	"ENST00000399564.5"	1	"HLA-B*35:01"	"4"	"None"	1	0	4653.191	3797.075	8.725	9.328	0.008	0	0	0	0.237	"NoExpr"	"False"	"Reject"	"Probability of Accept: 0"
"chr17-33025939-33025940-G-A"	"434.ASIC2.ENST00000225823.7.missense.394A/V"	NA	1	NA	NA	NA	"ASIC2"	"A394V"	1	"TPEQHKECV"	"ENST00000225823.7"	1	"HLA-B*08:01"	"9"	"None"	1	0	4731.785	6173.492	6.5	9.2	0.507	0	0	5	0.093	"NoExpr"	"False"	"Reject"	"Probability of Accept: 0"
"chr2-77519005-77519006-T-A"	"42.LRRTM4.ENST00000409884.6.missense.288K/M"	NA	1	NA	NA	NA	"LRRTM4"	"K288M"	1	"LQKLNLDSNM"	"ENST00000409884.6"	1	"HLA-B*08:01"	"10"	"None"	1	0	4796.615	26894.426	6.9	47	0.758	0	0	10	0.374	"NoExpr"	"False"	"Reject"	"Probability of Accept: 0.05"
"chr7-101034081-101034082-C-T"	"230.MUC17.ENST00000306151.9.missense.889P/L"	NA	NA	1	NA	NA	"MUC17"	"P889L"	1	"SAISTLSTTL"	"ENST00000306151.9"	1	"HLA-B*35:01"	"10"	"None"	1	0	4987.122	16400.585	3.679	16.5	0.005	0	0	0	0.345	"NoExpr"	"False"	"Reject"	"Probability of Accept: 0.02"
"chr5-128349358-128349359-G-T"	"181.FBN2.ENST00000262464.9.missense.993R/S"	NA	NA	1	NA	NA	"FBN2"	"R993S"	1	"GSVCLDIRM"	"ENST00000262464.9"	1	"HLA-B*35:01"	"2"	"None"	1	0	5521.23	19973.768	10.185	22.596	4.616	0	0	91	0.318	"NoExpr"	"False"	"Reject"	"Probability of Accept: 0.032"
"chr17-11669550-11669551-C-A"	"432.DNAH9.ENST00000262442.9.missense.1037P/Q"	NA	NA	NA	NA	1	"DNAH9"	"P1037Q"	1	"GHILTQEEI"	"ENST00000262442.9"	1	"HLA-C*07:01"	"6"	"None"	1	0	5770.015	5422.283	14.95	17.2	3.54	0	0	60	0.505	"NoExpr"	"False"	"Reject"	"Probability of Accept: 0.075"
"chr7-115940863-115940864-C-G"	"232.TFEC.ENST00000265440.12.missense.244G/A"	NA	NA	1	NA	NA	"TFEC"	"G244A"	1	"LAAHVTKQQSH"	"ENST00000265440.12"	1	"HLA-B*35:01"	"2"	"None"	1	0	6581.068	20628.096	12.5	28.5	11.13	0	0	101	0.319	"NoExpr"	"False"	"Reject"	"Probability of Accept: 0.077"
"chr4-30724176-30724177-C-A"	"108.PCDH7.ENST00000361762.3.missense.919H/N"	NA	NA	1	NA	NA	"PCDH7"	"H919N"	1	"EAGKKDNEDFF"	"ENST00000361762.3"	1	"HLA-B*35:01"	"7"	"None"	1	0	6793.677	8047.383	11.1	14.5	29.709	0	0	342	0.324	"NoExpr"	"False"	"Reject"	"Probability of Accept: 0.032"
"chr5-155016115-155016116-G-A"	"198.KIF4B.ENST00000435029.6.missense.753V/I"	NA	NA	NA	NA	1	"KIF4B"	"V753I"	1	"VRNWLGNEIEI"	"ENST00000435029.6"	NA	"HLA-C*07:01"	"11"	"None"	1	0	7727.241	7856.011	3.35	4.004	0.141	0	0	0	0.257	"NoExpr"	"False"	"Reject"	"Probability of Accept: 0.017"
"chr20-23826574-23826575-A-T"	"496.CST2.ENST00000304725.3.missense.29I/K"	1	NA	NA	NA	NA	"CST2"	"I29K"	1	"EEDRKIEGGIY"	"ENST00000304725.3"	1	"HLA-A*01:01"	"5"	"None"	1	0	8728.797	7407.89	3.9	3.35	24.575	0	0	292	0.42	"NoExpr"	"False"	"Reject"	"Probability of Accept: 0.067"
"chr8-112287080-112287081-C-T"	"251.CSMD3.ENST00000297405.10.missense.3105R/K"	NA	NA	NA	1	NA	"CSMD3"	"R3105K"	1	"SWTGKQPEC"	"ENST00000297405.10"	1	"HLA-C*04:01"	"5"	"None"	1	0	8807.159	9467.409	8.45	8	0.025	0	0	0	0.217	"NoExpr"	"False"	"Reject"	"Probability of Accept: 0.007"
"chr10-133199037-133199038-C-A"	"295.KNDC1.ENST00000304613.8.missense.844P/T"	1	NA	NA	NA	NA	"KNDC1"	"P844T"	1	"ETEGPGATPA"	"ENST00000304613.8"	1	"HLA-A*01:01"	"2"	"None"	1	0	10524.452	38008.672	6	55	1.009	0	0	2	0.537	"NoExpr"	"False"	"Reject"	"Probability of Accept: 0.015"
"chr6-128883308-128883309-G-T"	"211.LAMA2.ENST00000618192.5.missense.22A/S"	NA	NA	NA	NA	1	"LAMA2"	"A22S"	1	"VQSQRPQQQ"	"ENST00000618192.5"	5	"HLA-C*07:01"	"3"	"None"	1	0	13230.905	15911.815	19.5	28.5	39.835	0	0	466	0.367	"NoExpr"	"False"	"Reject"	"Probability of Accept: 0.07"
