"ID"	"Index"	"A*03:01"	"A*25:01"	"B*18:01"	"B*35:01"	"C*04:01"	"C*12:03"	"Gene"	"AA Change"	"Num Passing Transcripts"	"Best Peptide"	"Best Transcript"	"TSL"	"Allele"	"Pos"	"Prob Pos"	"Num Included Peptides"	"Num Passing Peptides"	"IC50 MT"	"IC50 WT"	"%ile MT"	"%ile WT"	"RNA Expr"	"RNA VAF"	"Allele Expr"	"RNA Depth"	"DNA VAF"	"Tier"	"Ref Match"	"Comments"	"Evaluation_pred"	"Reject_pred_prob"	"Accept_pred_prob"
"chr2-219374903-219374904-C-T"	"8.DNPEP.ENST00000273075.9.missense.453R/Q"	NA	NA	1	1	NA	1	"DNPEP"	"R453Q"	4	"LAMHSIQEM"	"ENST00000273075.9"	1	"HLA-C*12:03"	"7"	"None"	2	1	16.548	25.218	0.175	0.145	119.073	0.375	44.652	1810	0.425	"Pass"	FALSE	"Probability of Accept:  0.885"	"Accept"	0.114713216957606	0.885286783042394
"chr5-91378763-91378763-G-GT"	"138.ARRDC3.ENST00000265138.4.FS.98G/GT"	2	NA	1	NA	NA	NA	"ARRDC3"	"FS98"	1	"RLPHYSFRK"	"ENST00000265138.4"	1	"HLA-A*03:01"	NA	"None"	3	1	44.286	NA	0.105	NA	166.846	0.255	42.546	2916	0.391	"Pass"	FALSE	"Probability of Accept:  0.958"	"Accept"	0.0423940149625935	0.957605985037406
"chr3-41224575-41224579-TGTTA-T"	"27.CTNNB1.ENST00000349496.11.FS.22-23TGTTA/T"	NA	NA	1	1	NA	5	"CTNNB1"	"FS22-23"	41	"AAVTGSNSL"	"ENST00000349496.11"	1	"HLA-C*12:03"	NA	"None"	6	2	251.205	NA	2.92	NA	876.252	0.377	330.347	10290	0.389	"Pass"	FALSE	"Probability of Accept:  0.603"	"Accept"	0.396508728179551	0.603491271820449
"chr14-100239843-100239844-CG-C"	"192.YY1.ENST00000262238.10.FS.200CG/C"	11	NA	1	NA	NA	3	"YY1"	"FS200"	3	"KILTMRQWLK"	"ENST00000262238.10"	1	"HLA-A*03:01"	NA	"None"	15	6	24.205	NA	0.2	NA	99.954	0.149	14.893	1265	0.41	"Pass"	FALSE	"Probability of Accept:  0.938"	"Accept"	0.0623441396508728	0.937655860349127
"chr11-34658851-34658852-T-A"	"184.EHF.ENST00000531794.5.missense.297I/N"	NA	NA	NA	NA	NA	1	"EHF"	"I297N"	5	"YKRENLERV"	"ENST00000531794.5"	1	"HLA-C*12:03"	"5"	"None"	1	1	260.12	442.18	7.992	5.628	392.135	0.455	178.421	5684	0.422	"Pass"	FALSE	"Probability of Accept:  0.618"	"Accept"	0.381546134663342	0.618453865336658
"chr3-48689559-48689560-C-A"	"111.IP6K2.ENST00000328631.10.missense.253G/V"	2	NA	NA	NA	NA	7	"IP6K2"	"G253V"	1	"QSTSAVIVV"	"ENST00000328631.10"	1	"HLA-C*12:03"	"8"	"None"	8	2	272.334	1830.687	1.119	4.868	232.837	0.487	113.392	2237	0.413	"Pass"	FALSE	"Probability of Accept:  0.703"	"Accept"	0.296758104738155	0.703241895261845
"chr3-41233384-41233385-C-A"	"69.CTNNB1.ENST00000349496.11.missense.376R/S"	NA	NA	NA	NA	NA	3	"CTNNB1"	"R376S"	41	"HLTDPSQSL"	"ENST00000349496.11"	1	"HLA-C*12:03"	"8"	"None"	3	1	483.645	2240.59	2.75	5.25	876.252	0.347	304.059	12918	0.42	"Pass"	FALSE	"Probability of Accept:  0.539"	"Review"	0.461346633416459	0.538653366583541
"chr16-10547583-10547584-G-A"	"195.EMP2.ENST00000359543.8.missense.12H/Y"	2	NA	NA	5	1	11	"EMP2"	"H12Y"	2	"IAFYITSAA"	"ENST00000359543.8"	1	"HLA-C*12:03"	"4"	"None"	13	7	57.125	34.795	0.695	0.4	34.28	0.346	11.861	800	0.425	"Pass"	FALSE	"Probability of Accept:  0.873"	"Accept"	0.127182044887781	0.87281795511222
"chr2-232791284-232791285-C-T"	"14.GIGYF2.ENST00000409451.7.missense.395S/L"	NA	1	NA	1	NA	2	"GIGYF2"	"S395L"	15	"ASEETPQTL"	"ENST00000409451.7"	1	"HLA-C*12:03"	"9"	"None"	4	1	290.837	7584.477	3.05	15.5	88.603	0.414	36.682	1639	0.441	"Pass"	FALSE	"Probability of Accept:  0.461"	"Review"	0.538653366583541	0.461346633416459
"chr7-6585093-6585094-G-A"	"161.ZDHHC4.ENST00000335965.11.missense.192R/K"	1	NA	1	2	NA	4	"ZDHHC4"	"R192K"	6	"IGAWNIKYF"	"ENST00000335965.11"	1	"HLA-C*12:03"	"7"	"None"	6	1	468.692	224.076	5.675	4.415	94.525	0.449	42.442	1434	0.426	"Pass"	FALSE	"Probability of Accept:  0.591"	"Review"	0.408977556109726	0.591022443890274
"chr6-85490578-85490579-G-A"	"139.NT5E.ENST00000257770.8.missense.428G/S"	5	NA	NA	NA	NA	2	"NT5E"	"G428S"	2	"QLKSSTLKK"	"ENST00000257770.8"	1	"HLA-A*03:01"	"4"	"None"	7	4	76.755	84.351	0.365	0.4	17.513	0.045	0.788	292	0.308	"LowExpr"	FALSE	"Probability of Accept:  0.786"	"Accept"	0.214463840399002	0.785536159600998
"chr14-33800229-33800230-C-A"	"187.NPAS3.ENST00000356141.8.missense.641N/K"	3	NA	NA	NA	NA	2	"NPAS3"	"N641K"	6	"LSSPKSASV"	"ENST00000356141.8"	1	"HLA-C*12:03"	"5"	"None"	5	3	58.705	43.975	1.105	0.655	0.857	0.417	0.357	36	0.431	"LowExpr"	FALSE	"Probability of Accept:  0.347"	"Reject"	0.653366583541147	0.346633416458853
"chr11-607115-607116-G-A"	"176.PHRF1.ENST00000264555.10.missense.554G/R"	3	NA	NA	NA	NA	NA	"PHRF1"	"G554R"	4	"SLSRGEERFK"	"ENST00000264555.10"	1	"HLA-A*03:01"	"8"	"None"	3	1	190.187	219.47	0.922	1.118	0.46	0.35	0.161	792	0.455	"LowExpr"	FALSE	"Probability of Accept:  0.165"	"Reject"	0.835411471321696	0.164588528678304
"chr2-190057487-190057488-C-G"	"3.MSTN.ENST00000260950.5.missense.300A/P"	2	NA	NA	NA	NA	1	"MSTN"	"A300P"	1	"WIIPPKRYK"	"ENST00000260950.5"	1	"HLA-A*03:01"	"4"	"None"	3	1	475.994	348.221	1.65	1.25	0.51	0.333	0.17	48	0.415	"LowExpr"	FALSE	"Probability of Accept:  0.155"	"Reject"	0.845386533665835	0.154613466334165
"chr8-21999287-21999288-C-T"	"167.XPO7.ENST00000252512.14.missense.876P/S"	NA	NA	NA	1	NA	2	"XPO7"	"P876S"	3	"LSISHSDLL"	"ENST00000252512.14"	1	"HLA-C*12:03"	"4"	"None"	2	2	453.205	168.455	4.1	1.7	161.196	0.152	24.502	2005	0.146	"Subclonal"	FALSE	"Probability of Accept:  0.678"	"Accept"	0.321695760598504	0.678304239401496
"chr3-179218293-179218294-G-A"	"112.PIK3CA.ENST00000263967.4.missense.542E/K"	4	NA	NA	NA	NA	1	"PIK3CA"	"E542K"	2	"AISTRDPLSK"	"ENST00000263967.4"	2	"HLA-A*03:01"	"10"	"None"	5	2	72.947	22017.05	0.47	26	21.884	0.381	8.338	548	0.385	"Poor"	FALSE	"Probability of Accept:  0.461"	"Review"	0.538653366583541	0.461346633416459
"chr17-42040831-42040832-G-A"	"203.C17orf113.ENST00000587304.3.missense.301R/W"	NA	NA	NA	1	NA	2	"C17orf113"	"R301W"	1	"WTDPEPPAY"	"ENST00000587304.3"	5	"HLA-B*35:01"	"1"	"None"	2	1	79.402	967.082	0.556	2.43	3.206	0.431	1.382	202	0.455	"Poor"	FALSE	"Probability of Accept:  0.406"	"Review"	0.593516209476309	0.406483790523691
"chr7-5527749-5527766-TAGAAGCATTTGCGGTGG-T"	"154.ACTB.ENST00000473257.3.FS.327-333TAGAAGCATTTGCGGTGG/T"	NA	NA	1	NA	NA	2	"ACTB"	"FS327-333"	8	"SGPSIVGGL"	"ENST00000473257.3"	3	"HLA-C*12:03"	"7, 8, 9"	"None"	3	0	3617.285	8908.267	24.5	28	1660.485	0.141	234.128	12119	0.302	"Poor"	FALSE	"Probability of Accept:  0.327"	"Reject"	0.673316708229426	0.326683291770574
"chr17-40134352-40134353-G-T"	"200.MSL1.ENST00000398532.9.missense.610R/L"	2	NA	NA	NA	NA	1	"MSL1"	"R610L"	3	"IQKKQTPHL"	"ENST00000398532.9"	1	"HLA-C*12:03"	"9"	"None"	3	1	2369.937	16274.54	13.03	33.565	105.975	0.422	44.721	2031	0.447	"Poor"	FALSE	"Probability of Accept:  0.339"	"Reject"	0.660847880299252	0.339152119700748
"chr2-218583024-218583025-T-A"	"4.CNOT9.ENST00000273064.11.missense.87S/T"	1	NA	NA	NA	NA	3	"CNOT9"	"S87T"	4	"LTAHQTNRV"	"ENST00000273064.11"	1	"HLA-C*12:03"	"6"	"None"	4	0	723.66	1206.96	4.365	6.908	55.032	0.37	20.362	1388	0.432	"Poor"	FALSE	"Probability of Accept:  0.464"	"Review"	0.536159600997506	0.463840399002494
"chrX-45110081-45110082-G-A"	"215.KDM6A.ENST00000611820.5.missense.1389E/K"	NA	1	3	2	NA	3	"KDM6A"	"E1389K"	11	"EVKVFDLLF"	"ENST00000611820.5"	1	"HLA-A*25:01"	"3"	"None"	7	1	1627.065	12338.835	0.484	2.666	50.094	0.587	29.405	893	0.394	"Poor"	FALSE	"Probability of Accept:  0.643"	"Accept"	0.356608478802993	0.643391521197007
"chr6-149679984-149679986-ATC-A"	"141.LATS1.ENST00000253339.9.FS.828ATC/A"	NA	NA	NA	1	NA	1	"LATS1"	"FS828"	2	"HKMGFIHRY"	"ENST00000253339.9"	1	"HLA-C*12:03"	"9"	"None"	1	0	587.695	15587.651	6.667	44.612	20.048	0.62	12.43	297	0.768	"Poor"	FALSE	"Probability of Accept:  0.489"	"Review"	0.511221945137157	0.488778054862843
"chr16-31120343-31120344-C-T"	"198.KAT8.ENST00000448516.6.missense.98R/W"	1	NA	NA	NA	NA	1	"KAT8"	"R98W"	3	"YVHYVGFNW"	"ENST00000448516.6"	1	"HLA-C*12:03"	"9"	"None"	2	0	848.704	7843.685	7.398	11.815	36.089	0.397	14.327	1058	0.419	"Poor"	FALSE	"Probability of Accept:  0.601"	"Accept"	0.399002493765586	0.600997506234414
"chr10-119892807-119892808-G-A"	"175.SEC23IP.ENST00000369075.8.missense.9G/D"	NA	NA	NA	1	NA	NA	"SEC23IP"	"G9D"	1	"KPNGDSGGAST"	"ENST00000369075.8"	1	"HLA-B*35:01"	"5"	"None"	1	0	6735.575	6612.91	15	14	62.927	0.459	28.883	917	0.436	"Poor"	FALSE	"Probability of Accept:  0.167"	"Reject"	0.832917705735661	0.167082294264339
"chr4-113330245-113330246-T-A"	"119.ANK2.ENST00000506722.5.missense.958S/R"	NA	NA	3	NA	NA	2	"ANK2"	"S958R"	16	"NSRFLVSFM"	"ENST00000506722.5"	1	"HLA-C*12:03"	"3"	"None"	5	0	621.574	356.095	5.4	5.4	7.763	0.062	0.481	144	0.448	"Poor"	TRUE	"Probability of Accept:  0.387"	"Reject"	0.613466334164589	0.386533665835411
"chr5-37020856-37020867-CTTTGATATTTA-C"	"135.NIPBL.ENST00000282516.13.FS.1770-1773CTTTGATATTTA/C"	NA	NA	NA	1	NA	NA	"NIPBL"	"FS1770-1773"	1	"RPFAQSFDT"	"ENST00000282516.13"	1	"HLA-B*35:01"	"9"	"None"	1	0	2675.618	1941.16	6.11	2.3	100.15	0.07	7.011	1710	0.291	"Poor"	FALSE	"Probability of Accept:  0.237"	"Reject"	0.763092269326683	0.236907730673317
"chr2-185802011-185802012-G-C"	"2.FSIP2.ENST00000424728.6.missense.4236V/L"	2	NA	NA	NA	NA	2	"FSIP2"	"V4236L"	1	"KSILSRSPI"	"ENST00000424728.6"	5	"HLA-C*12:03"	"4"	"None"	4	0	564.595	439.17	3.65	3.138	0.132	0.408	0.054	103	0.43	"Poor"	FALSE	"Probability of Accept:  0.137"	"Reject"	0.86284289276808	0.13715710723192
"chr6-152136709-152136710-G-T"	"145.SYNE1.ENST00000367255.10.missense.8523R/S"	NA	NA	NA	NA	NA	1	"SYNE1"	"R8523S"	1	"DLQDSLSQM"	"ENST00000367255.10"	1	"HLA-C*12:03"	"5"	"None"	1	0	2694.374	1883.33	15	11.7	49.444	0.127	6.279	275	0.842	"Poor"	FALSE	"Probability of Accept:  0.237"	"Reject"	0.763092269326683	0.236907730673317
"chr10-96620548-96620549-C-T"	"172.PIK3AP1.ENST00000339364.10.missense.582V/I"	1	NA	NA	NA	NA	1	"PIK3AP1"	"V582I"	3	"SIRKGPPIR"	"ENST00000339364.10"	1	"HLA-A*03:01"	"8"	"None"	2	0	2207.001	1658.256	3.145	2.605	17.795	0.021	0.374	191	0.419	"Poor"	FALSE	"Probability of Accept:  0.17"	"Reject"	0.830423940149626	0.169576059850374
"chr1-9039612-9039613-T-G"	"1.SLC2A5.ENST00000377424.9.missense.312E/A"	NA	NA	NA	2	NA	4	"SLC2A5"	"E312A"	1	"SAGVPEAHV"	"ENST00000377424.9"	1	"HLA-C*12:03"	"7"	"None"	6	0	996.99	1630.87	4.2	6.65	5.028	0.043	0.216	46	0.471	"Poor"	FALSE	"Probability of Accept:  0.284"	"Reject"	0.71571072319202	0.28428927680798
"chr4-72138114-72138115-C-T"	"118.NPFFR2.ENST00000395999.5.missense.138T/M"	1	NA	NA	1	NA	7	"NPFFR2"	"T138M"	4	"VAASVFMLV"	"ENST00000395999.5"	1	"HLA-C*12:03"	"7"	"None"	8	2	32.721	28.704	0.258	0.245	0.041	0	0	0	0.384	"NoExpr"	FALSE	"Probability of Accept:  0.062"	"Reject"	0.937655860349127	0.0623441396508728
"chr20-64105860-64105861-C-T"	"204.NPBWR2.ENST00000369768.1.missense.324R/Q"	NA	NA	NA	NA	NA	3	"NPBWR2"	"R324Q"	2	"FQKNFRSIL"	"ENST00000369768.1"	NA	"HLA-C*12:03"	"2"	"None"	3	1	45.15	570.73	0.865	3.223	0	0	0	1	0.482	"NoExpr"	FALSE	"Probability of Accept:  0.02"	"Reject"	0.980049875311721	0.0199501246882793
"chr22-25868320-25868321-C-T"	"207.MYO18B.ENST00000407587.6.missense.1297A/V"	NA	NA	3	NA	NA	1	"MYO18B"	"A1297V"	3	"DERKVVEEL"	"ENST00000407587.6"	1	"HLA-B*18:01"	"5"	"None"	4	1	87.927	124.094	0.142	0.245	0.18	0	0	2	0.406	"NoExpr"	FALSE	"Probability of Accept:  0.027"	"Reject"	0.972568578553616	0.027431421446384
"chr9-114930109-114930110-G-A"	"170.TNFSF8.ENST00000223795.3.missense.65T/M"	NA	NA	NA	NA	NA	2	"TNFSF8"	"T65M"	2	"LVVQRMDSI"	"ENST00000223795.3"	1	"HLA-C*12:03"	"6"	"None"	2	1	492.546	646.84	3.29	2.719	0.971	0	0	15	0.406	"NoExpr"	FALSE	"Probability of Accept:  0.015"	"Reject"	0.985037406483791	0.0149625935162095
