"ID"	"Index"	"A*02:01"	"A*26:01"	"B*39:05"	"B*51:01"	"C*07:02"	"C*14:02"	"Gene"	"AA Change"	"Num Passing Transcripts"	"Best Peptide"	"Best Transcript"	"TSL"	"Allele"	"Pos"	"Prob Pos"	"Num Included Peptides"	"Num Passing Peptides"	"IC50 MT"	"IC50 WT"	"%ile MT"	"%ile WT"	"RNA Expr"	"RNA VAF"	"Allele Expr"	"RNA Depth"	"DNA VAF"	"Tier"	"Ref Match"	"Comments"	"Evaluation_pred"	"Reject_pred_prob"	"Accept_pred_prob"
"chrX-71137329-71137330-C-T"	"117.MED12.ENST00000374102.6.missense.1899R/W"	2	NA	NA	NA	1	6	"MED12"	"R1899W"	11	"VYWQQQPAV"	"ENST00000374102.6"	1	"HLA-C*14:02"	"3"	"None"	6	1	21.7	30.385	0.2	0.27	104.98	0.375	39.367	1413	0.302	"Pass"	FALSE	"Probability of Accept: 0.933"	"Accept"	0.0673316708229426	0.932668329177057
"chr15-65402479-65402480-C-T"	"69.IGDCC4.ENST00000352385.3.missense.191V/M"	8	NA	NA	NA	NA	5	"IGDCC4"	"V191M"	1	"RLIMLPNGV"	"ENST00000352385.3"	1	"HLA-A*02:01"	"4"	"None"	11	5	37.85	54.925	0.405	0.67	5.856	0.385	2.255	179	0.83	"Pass"	FALSE	"Probability of Accept: 0.925"	"Accept"	0.0748129675810474	0.925187032418953
"chr6-44255310-44255311-G-C"	"27.SLC35B2.ENST00000393812.4.missense.232R/G"	3	NA	NA	NA	2	NA	"SLC35B2"	"R232G"	5	"MLMGKLVSG"	"ENST00000393812.4"	1	"HLA-A*02:01"	"9"	"None"	5	2	181.525	818.839	1.5	3.35	57.326	0.478	27.402	2038	0.472	"Pass"	FALSE	"Probability of Accept: 0.838"	"Accept"	0.162094763092269	0.837905236907731
"chr7-71710773-71710774-C-A"	"32.GALNT17.ENST00000333538.10.missense.505T/N"	NA	NA	NA	NA	6	5	"GALNT17"	"T505N"	2	"RYNKEGFLHL"	"ENST00000333538.10"	1	"HLA-C*14:02"	"3"	"None"	7	1	154.53	356.275	0.915	1.311	2.851	0.159	0.453	88	0.508	"LowExpr"	FALSE	"Probability of Accept: 0.726"	"Accept"	0.27431421446384	0.72568578553616
"chr1-2304525-2304526-C-G"	"1.SKI.ENST00000378536.5.missense.570R/G"	3	NA	NA	NA	NA	NA	"SKI"	"R570G"	1	"FLHEVVKMGV"	"ENST00000378536.5"	1	"HLA-A*02:01"	"9"	"None"	3	2	11.159	26.709	0.2	0.36	197.085	0.192	37.84	4139	0.183	"Subclonal"	FALSE	"Probability of Accept: 0.94"	"Accept"	0.0598503740648379	0.940149625935162
"chr3-10047947-10047948-C-G"	"20.FANCD2.ENST00000287647.7.missense.437S/W"	12	NA	NA	NA	NA	2	"FANCD2"	"S437W"	4	"ILWLAQSLL"	"ENST00000287647.7"	1	"HLA-A*02:01"	"3"	"None"	12	3	59.831	267.167	0.781	1.8	82.286	0.311	25.591	899	0.189	"Subclonal"	FALSE	"Probability of Accept: 0.943"	"Accept"	0.057356608478803	0.942643391521197
"chr11-34471398-34471399-C-G"	"55.CAT.ENST00000241052.5.missense.517S/C"	2	NA	NA	NA	NA	2	"CAT"	"S517C"	1	"TFVQSGCHL"	"ENST00000241052.5"	1	"HLA-C*14:02"	"7"	"7"	4	2	56.14	44.978	1.492	0.847	68.775	0.168	11.554	1855	0.246	"Subclonal"	FALSE	"Probability of Accept: 0.12"	"Reject"	0.880299251870324	0.119700748129676
"chr11-1470325-1470326-C-T"	"53.MOB2.ENST00000329957.7.missense.218R/Q"	6	NA	1	NA	2	4	"MOB2"	"R218Q"	1	"ILFAQEFNL"	"ENST00000329957.7"	2	"HLA-A*02:01"	"5"	"None"	10	5	19.961	23.754	0.118	0.157	38.199	0.433	16.54	1058	0.463	"Poor"	FALSE	"Probability of Accept: 0.441"	"Review"	0.55860349127182	0.44139650872818
"chr9-15468838-15468839-C-G"	"44.PSIP1.ENST00000380733.9.missense.404R/P"	1	1	NA	2	NA	1	"PSIP1"	"R404P"	2	"IPRFKVSQV"	"ENST00000380733.9"	1	"HLA-B*51:01"	"2"	"None"	4	0	1193.397	21492.501	0.251	14.139	107.371	0.681	73.12	1119	0.751	"Poor"	FALSE	"Probability of Accept: 0.748"	"Accept"	0.251870324189526	0.748129675810474
"chr8-32648317-32648327-GAGAACGCCCA-G"	"34.NRG1.ENST00000520502.7.FS.201-204GAGAACGCCCA/G"	9	NA	3	NA	5	5	"NRG1"	"FS201-204"	5	"NFLHLHPPL"	"ENST00000520502.7"	1	"HLA-C*14:02"	NA	"None"	15	7	45.664	NA	0.629	NA	10.471	0.051	0.534	39	0.163	"Poor"	TRUE	"Probability of Accept: 0.591"	"Review"	0.408977556109726	0.591022443890274
"chr20-50602115-50602116-G-C"	"114.RIPOR3.ENST00000327979.8.missense.539R/G"	3	NA	NA	NA	NA	1	"RIPOR3"	"R539G"	2	"QLGELEYQV"	"ENST00000327979.8"	2	"HLA-A*02:01"	"3"	"None"	4	1	35.545	215.771	0.29	1.7	4.527	0.091	0.412	44	0.299	"Poor"	FALSE	"Probability of Accept: 0.406"	"Review"	0.593516209476309	0.406483790523691
"chr19-16088078-16088079-G-C"	"100.TPM4.ENST00000586833.7.missense.143R/P"	NA	NA	NA	NA	1	NA	"TPM4"	"R143P"	7	"ERAEEPAEV"	"ENST00000586833.7"	5	"HLA-C*07:02"	"6"	"None"	1	0	1837.996	1842.097	7.55	10.05	429.711	0.169	72.621	8086	0.297	"Poor"	FALSE	"Probability of Accept: 0.249"	"Review"	0.750623441396509	0.249376558603491
"chr20-50602114-50602114-C-CA"	"112.RIPOR3.ENST00000327979.8.FS.539C/CA"	3	NA	1	NA	3	3	"RIPOR3"	"FS539"	2	"RLPGPAEAL"	"ENST00000327979.8"	2	"HLA-C*14:02"	NA	"None"	8	1	49.534	NA	1.08	NA	4.527	0.091	0.412	44	0.29	"Poor"	FALSE	"Probability of Accept: 0.404"	"Review"	0.596009975062344	0.403990024937656
"chr14-70947119-70947120-C-T"	"66.PCNX1.ENST00000304743.7.missense.120P/L"	1	NA	NA	NA	2	NA	"PCNX1"	"P120L"	2	"TRRKDSNGL"	"ENST00000304743.7"	1	"HLA-C*07:02"	"9"	"None"	3	0	1163.305	11184.971	2.7	31.5	54.6	0.535	29.211	1244	0.613	"Poor"	TRUE	"Probability of Accept: 0.464"	"Review"	0.536159600997506	0.463840399002494
"chr17-16025022-16025023-A-G"	"90.TTC19.ENST00000261647.10.missense.228E/G"	NA	NA	NA	NA	1	NA	"TTC19"	"E228G"	1	"GKANTHLLL"	"ENST00000261647.10"	1	"HLA-C*07:02"	"1"	"None"	1	0	2526.423	4832.249	10.75	12.55	70.531	0.817	57.624	1456	0.738	"Poor"	FALSE	"Probability of Accept: 0.334"	"Review"	0.665835411471322	0.334164588528678
"chr8-47700470-47700471-G-A"	"39.SPIDR.ENST00000297423.9.missense.585R/H"	NA	NA	NA	1	NA	1	"SPIDR"	"R585H"	5	"IPLKTPGHD"	"ENST00000297423.9"	1	"HLA-B*51:01"	"8"	"None"	2	0	10511.42	11310.894	9.852	11.65	239.068	0.27	64.548	2310	0.202	"Poor"	FALSE	"Probability of Accept: 0.202"	"Review"	0.798004987531172	0.201995012468828
"chr11-62790708-62790709-G-A"	"56.TMEM223.ENST00000307366.8.missense.175R/C"	NA	NA	NA	NA	1	NA	"TMEM223"	"R175C"	1	"KVKGRCFYF"	"ENST00000307366.8"	1	"HLA-C*07:02"	"6"	"6"	1	0	1144.857	1223.373	3.534	3.003	11.518	0.331	3.812	969	0.345	"Poor"	FALSE	"Probability of Accept: 0.234"	"Review"	0.765586034912718	0.234413965087282
"chr10-96981940-96981941-G-A"	"51.LCOR.ENST00000421806.4.missense.494R/Q"	1	NA	NA	NA	NA	NA	"LCOR"	"R494Q"	1	"ILSSQKTA"	"ENST00000421806.4"	3	"HLA-A*02:01"	"5"	"None"	1	0	5387.61	6842.255	25.967	32.967	75.003	0.408	30.601	1233	0.368	"Poor"	FALSE	"Probability of Accept: 0.239"	"Review"	0.760598503740648	0.239401496259352
"chr2-74506200-74506201-A-C"	"7.PCGF1.ENST00000233630.11.missense.135V/G"	1	NA	NA	NA	NA	NA	"PCGF1"	"V135G"	1	"GLDRGTQPT"	"ENST00000233630.11"	1	"HLA-A*02:01"	"5"	"None"	1	0	2319.691	1166.856	7.45	5.8	54.281	0.297	16.121	1187	0.28	"Poor"	FALSE	"Probability of Accept: 0.192"	"Reject"	0.807980049875312	0.192019950124688
"chr11-68448860-68448861-G-A"	"57.LRP5.ENST00000294304.12.missense.1547V/M"	1	NA	NA	NA	NA	NA	"LRP5"	"V1547M"	1	"DMCDSDYSA"	"ENST00000294304.12"	1	"HLA-A*02:01"	"2"	"3"	1	0	4326.643	10975.187	8.708	24.809	75.076	0.258	19.37	1164	0.338	"Poor"	FALSE	"Probability of Accept: 0.16"	"Reject"	0.840399002493766	0.159600997506234
"chr11-130914681-130914682-C-G"	"61.SNX19.ENST00000265909.9.missense.420E/Q"	1	NA	NA	NA	NA	NA	"SNX19"	"E420Q"	1	"ALEPKDGEASQ"	"ENST00000265909.9"	1	"HLA-A*02:01"	"11"	"None"	1	0	11428.548	9969.003	31.322	33.822	115.136	0.295	33.965	1505	0.296	"Poor"	FALSE	"Probability of Accept: 0.195"	"Reject"	0.805486284289277	0.194513715710723
"chr9-76710241-76710242-A-T"	"46.PRUNE2.ENST00000376718.8.missense.678S/T"	NA	NA	NA	NA	NA	1	"PRUNE2"	"S678T"	1	"SSSEQETVF"	"ENST00000376718.8"	5	"HLA-C*14:02"	"7"	"None"	1	0	2510.04	2610.822	14.7	13.85	10.067	0.212	2.134	132	0.289	"Poor"	FALSE	"Probability of Accept: 0.157"	"Reject"	0.8428927680798	0.1571072319202
"chr11-5508410-5508411-G-A"	"54.UBQLN3.ENST00000311659.5.missense.383S/L"	NA	NA	NA	NA	NA	1	"UBQLN3"	"S383L"	1	"PSVNRVPPL"	"ENST00000311659.5"	1	"HLA-C*14:02"	"9"	"None"	1	0	2314.77	17390.976	11.49	37.5	2.787	0.136	0.379	110	0.174	"Poor"	TRUE	"Probability of Accept: 0.117"	"Reject"	0.882793017456359	0.117206982543641
"chr1-99296813-99296814-A-G"	"2.PLPPR4.ENST00000370185.9.missense.114N/S"	1	NA	NA	NA	NA	NA	"PLPPR4"	"N114S"	1	"GLEPNISA"	"ENST00000370185.9"	1	"HLA-A*02:01"	"7"	"None"	1	0	4933.125	5446.965	14	14.937	1.923	0.324	0.623	71	0.52	"Poor"	FALSE	"Probability of Accept: 0.167"	"Reject"	0.832917705735661	0.167082294264339
"chr1-205241816-205241817-G-A"	"5.TMCC2.ENST00000358024.8.missense.174G/S"	NA	NA	1	NA	NA	NA	"TMCC2"	"G174S"	1	"LHSSSGGSSS"	"ENST00000358024.8"	1	"HLA-B*39:05"	"8"	"None"	1	0	8781.36	12140.27	5.8	9.3	10.016	0.167	1.673	42	0.253	"Poor"	TRUE	"Probability of Accept: 0.384"	"Review"	0.615960099750623	0.384039900249377
"chr3-4645634-4645635-C-G"	"11.ITPR1.ENST00000443694.5.missense.254D/E"	NA	NA	NA	NA	1	NA	"ITPR1"	"D254E"	1	"EEHRKKQHVF"	"ENST00000443694.5"	1	"HLA-C*07:02"	"1"	"None"	1	0	17039.244	18990.875	12.588	12.567	20.01	0.043	0.86	281	0.213	"Poor"	FALSE	"Probability of Accept: 0.147"	"Reject"	0.85286783042394	0.14713216957606
"chr19-6495244-6495244-C-CCA"	"98.TUBB4A.ENST00000264071.7.FS.418-419C/CCA"	4	NA	NA	NA	10	7	"TUBB4A"	"FS418-419"	1	"RWPRLLPSL"	"ENST00000264071.7"	1	"HLA-C*14:02"	NA	"None"	15	6	65.87	NA	0.491	NA	22.442	0	0	260	0.299	"NoExpr"	TRUE	"Probability of Accept: 0.05"	"Reject"	0.950124688279302	0.0498753117206983
"chr12-13675790-13675791-G-A"	"63.GRIN2B.ENST00000609686.4.missense.360P/L"	7	NA	6	NA	3	5	"GRIN2B"	"P360L"	2	"MHLKLVIIL"	"ENST00000609686.4"	1	"HLA-B*39:05"	"3"	"None"	13	4	105.41	306.31	0.051	0.09	0.269	0	0	0	0.277	"NoExpr"	FALSE	"Probability of Accept: 0.075"	"Reject"	0.925187032418953	0.0748129675810474
"chr12-128693948-128693949-C-T"	"65.TMEM132C.ENST00000435159.3.missense.524P/S"	2	NA	1	NA	1	2	"TMEM132C"	"P524S"	1	"TVWVSRLPL"	"ENST00000435159.3"	5	"HLA-C*14:02"	"5"	"None"	4	3	107.366	214.543	3.507	2.313	0.052	0	0	3	0.632	"NoExpr"	FALSE	"Probability of Accept: 0.015"	"Reject"	0.985037406483791	0.0149625935162095
"chr1-173600165-173600166-A-G"	"4.SLC9C2.ENST00000367714.4.missense.60L/P"	4	2	NA	2	NA	2	"SLC9C2"	"L60P"	1	"LTIPSLSGF"	"ENST00000367714.4"	1	"HLA-A*26:01"	"4"	"None"	8	3	156.142	210.183	0.175	0.3	0.516	0	0	3	0.234	"NoExpr"	FALSE	"Probability of Accept: 0.005"	"Reject"	0.99501246882793	0.00498753117206983
"chr19-4363399-4363399-C-CAGGATCTGCACGGCCTGCCGGTG"	"95.SH3GL1.ENST00000269886.7.FS.233C/CAGGATCTGCACGGCCTGCCGGTG"	3	NA	NA	1	4	6	"SH3GL1"	"FS233"	3	"ISPSPGSPL"	"ENST00000269886.7"	1	"HLA-C*14:02"	NA	"None"	13	2	166.225	NA	1.09	NA	53.569	0	0	1135	0.107	"NoExpr"	FALSE	"Probability of Accept: 0.035"	"Reject"	0.965087281795511	0.0349127182044888
"chr6-40432406-40432407-G-C"	"26.LRFN2.ENST00000338305.7.missense.236S/C"	NA	NA	NA	NA	1	4	"LRFN2"	"S236C"	1	"FAPPLCFSF"	"ENST00000338305.7"	1	"HLA-C*14:02"	"6"	"6"	4	2	190.425	139.86	1.205	0.926	0.071	0	0	4	0.288	"NoExpr"	FALSE	"Probability of Accept: 0.012"	"Reject"	0.987531172069825	0.0124688279301746
"chr17-7674880-7674880-C-CACCACACT"	"70.TP53.ENST00000269305.9.FS.217C/CACCACACT"	5	1	1	NA	4	8	"TP53"	"FS217"	19	"FRHSVVVWW"	"ENST00000269305.9"	1	"HLA-C*07:02"	"8, 9"	"None"	15	3	239.581	31.22	1.295	0.021	172.956	0	0	1472	0.661	"NoExpr"	FALSE	"Probability of Accept: 0.075"	"Reject"	0.925187032418953	0.0748129675810474
"chr11-124891345-124891346-C-T"	"59.ROBO4.ENST00000306534.8.missense.634R/H"	3	NA	NA	NA	4	1	"ROBO4"	"R634H"	2	"RRGLSSPHL"	"ENST00000306534.8"	1	"HLA-C*07:02"	"8"	"None"	7	2	290.016	297.254	0.762	0.9	12.591	0	0	142	0.324	"NoExpr"	FALSE	"Probability of Accept: 0.047"	"Reject"	0.952618453865337	0.0473815461346633
"chr19-4292681-4292682-C-T"	"91.TMIGD2.ENST00000301272.6.missense.256V/I"	NA	NA	NA	1	2	2	"TMIGD2"	"V256I"	4	"PRPGHPISM"	"ENST00000301272.6"	1	"HLA-C*14:02"	"7"	"None"	3	1	400.649	514.018	6.4	7.2	0.263	0	0	16	0.375	"NoExpr"	FALSE	"Probability of Accept: 0.005"	"Reject"	0.99501246882793	0.00498753117206983
"chr10-48736049-48736055-GCTGAAA-G"	"50.WDFY4.ENST00000360890.6.inframe_del.620-621LK/-"	7	NA	NA	NA	NA	NA	"WDFY4"	"LK620-621-"	2	"LQLDLLKVI"	"ENST00000360890.6"	1	"HLA-A*02:01"	"2"	"None"	7	1	753.192	8891.299	3.85	26	11.307	0	0	196	0.144	"NoExpr"	FALSE	"Probability of Accept: 0.06"	"Reject"	0.940149625935162	0.0598503740648379
"chr15-40282227-40282228-G-C"	"68.ANKRD63.ENST00000434396.2.missense.120P/R"	NA	1	NA	NA	2	NA	"ANKRD63"	"P120R"	1	"DSAGNSRVM"	"ENST00000434396.2"	NA	"HLA-A*26:01"	"7"	"None"	2	0	1750.67	1084.267	1.55	1.1	0.03	0	0	0	0.647	"NoExpr"	FALSE	"Probability of Accept: 0.012"	"Reject"	0.987531172069825	0.0124688279301746
