"ID"	"A*26:01"	"A*32:01"	"B*35:02"	"B*37:01"	"C*04:01"	"C*06:02"	"Gene"	"AA Change"	"Num Passing Transcripts"	"Best Peptide"	"Best Transcript"	"TSL"	"Allele"	"Pos"	"Prob Pos"	"Num Passing Peptides"	"IC50 MT"	"IC50 WT"	"%ile MT"	"%ile WT"	"RNA Expr"	"RNA VAF"	"Allele Expr"	"RNA Depth"	"DNA VAF"	"Tier"	"Ref Match"	"Evaluation"	"Comments"	"Pred_oneVSrest"	"Accept_prob"	"Reject_prob"	"Review_prob"
"chr10-87894102-87894103-T-C"	NA	NA	NA	NA	NA	3	"PTEN"	"V53A"	5	"YRNNIDDAV"	"ENST00000371953.8"	1	"HLA-C*06:02"	8	"None"	3	123.408	81.278	0.49	0.298	57.596	0.57	32.83	286	0.41	"Pass"	FALSE	"Pending"	"No comments"	"Reject"	0.328763210511282	0.628243300723097	0.44527736131934
"chr1-113590620-113590621-A-G"	3	1	1	2	NA	NA	"MAGI3"	"M301V"	4	"EVAYTDTGM"	"ENST00000369617.8"	1	"HLA-A*26:01"	2	"None"	7	92.651	1657.07	0.15	0.995	8.066	0.2	1.613	20	0.305	"Pass"	FALSE	"Pending"	"No comments"	"Reject"	0.339045986860897	0.610803913228413	0.463268365817091
"chr13-77901081-77901082-CA-C"	NA	NA	NA	NA	NA	2	"EDNRB"	"FS399"	8	"LRKKSGMQM"	"ENST00000377211.8"	1	"HLA-C*06:02"	9	"None"	2	389.232	531.974	0.717	0.824	73.477	0.033	2.425	246	0.247	"Pass"	FALSE	"Pending"	"No comments"	"Reject"	0.317909168808912	0.603998298596342	0.513743128435782
"chr5-160620586-160620587-C-T"	1	NA	2	3	NA	NA	"ATP10B"	"A726T"	3	"YEAESPDEATL"	"ENST00000327245.10"	1	"HLA-B*37:01"	10	"None"	6	495.13	524.44	0.332	0.423	31.885	0.14	4.464	50	0.253	"Pass"	FALSE	"Pending"	"No comments"	"Reject"	0.337332190802628	0.604849000425351	0.450774612693653
"chr17-81957899-81957900-C-T"	NA	2	NA	4	NA	1	"NOTUM"	"A201T"	3	"KSEKNEYTF"	"ENST00000409678.8"	1	"HLA-A*32:01"	8	"None"	6	211.435	372.325	0.55	0.945	0.28	1	0.28	2	0.27	"LowExpr"	FALSE	"Pending"	"No comments"	"Reject"	0.318766066838046	0.634198213526159	0.461269365317341
"chr1-210404479-210404480-C-A"	NA	NA	NA	2	NA	1	"HHAT"	"T34K"	6	"KENEYYLL"	"ENST00000426968.2"	1	"HLA-B*37:01"	1	"None"	3	290.67	525.658	0.116	0.11	2.238	0.207	0.463	29	0.206	"LowExpr"	FALSE	"Pending"	"No comments"	"Reject"	0.359897172236504	0.594215227562739	0.430284857571214
"chr7-146774336-146774337-C-A"	4	1	NA	NA	NA	NA	"CNTNAP2"	"S55Y"	2	"SIYGSYSPGY"	"ENST00000361727.8"	1	"HLA-A*26:01"	3	"None"	4	390.212	701.136	0.2	0.305	81.035	0.32	25.931	25	0.204	"Subclonal"	FALSE	"Pending"	"No comments"	"Reject"	0.351899457297915	0.607401105912378	0.446776611694153
"chr15-22870140-22870141-C-T"	NA	2	NA	1	NA	1	"CYFIP1"	"E1217K"	3	"ILNDKIITI"	"ENST00000610365.4"	1	"HLA-A*32:01"	5	"None"	3	232.404	427.551	0.254	0.774	100.893	0.029	2.926	489	0.068	"Subclonal"	FALSE	"Pending"	"No comments"	"Reject"	0.315624107397886	0.62186303700553	0.484257871064468
"chr19-49889940-49889941-A-G"	1	1	1	NA	NA	NA	"IL4I1"	"F500S"	3	"YSAGEHTAY"	"ENST00000341114.7"	1	"HLA-A*26:01"	2	"None"	3	475.682	1889.849	0.434	1.15	9.53	0.152	1.449	33	0.028	"Subclonal"	FALSE	"Pending"	"No comments"	"Reject"	0.321051128249072	0.606550404083369	0.472263868065967
"chr1-93567817-93567818-G-A"	NA	2	NA	NA	NA	NA	"BCAR3"	"R670W"	5	"KTWTALWHQY"	"ENST00000260502.11"	1	"HLA-A*32:01"	7	"None"	2	594.348	3089.408	0.15	0.46	8.78	0.275	2.414	40	0.3	"Poor"	FALSE	"Pending"	"No comments"	"Reject"	0.345044273064839	0.60569970225436	0.475262368815592
"chr11-82900395-82900396-G-A"	NA	NA	NA	NA	NA	1	"PRCP"	"R3C"	4	"CRALLLLLL"	"ENST00000313010.8"	1	"HLA-C*06:02"	1	"None"	1	876.933	458.199	0.696	0.356	91.606	0.136	12.458	44	0.341	"Poor"	TRUE	"Pending"	"No comments"	"Reject"	0.287060839760069	0.651212250106338	0.478760619690155
"chr5-177301954-177301955-C-T"	NA	1	NA	2	NA	NA	"RAB24"	"V173I"	3	"KVAEDYISV"	"ENST00000303251.11"	1	"HLA-A*32:01"	7	"None"	3	759.087	308.639	1.04	0.575	14.829	0.292	4.33	48	0.269	"Poor"	FALSE	"Pending"	"No comments"	"Reject"	0.31819480148529	0.632496809868141	0.476761619190405
"chr11-66294685-66294686-C-T"	NA	4	NA	NA	NA	2	"TMEM151A"	"P147L"	1	"RLQQAPLCVWW"	"ENST00000327259.5"	1	"HLA-A*32:01"	7	"None"	6	681.71	1676.076	0.485	0.745	46.229	0.02	0.925	152	0.281	"Poor"	FALSE	"Pending"	"No comments"	"Reject"	0.314767209368752	0.622713738834539	0.481259370314843
"chr19-10869295-10869296-C-T"	NA	1	NA	NA	NA	NA	"C19orf38"	"R208W"	2	"ATPSNSRTW"	"ENST00000397820.5"	1	"HLA-A*32:01"	9	"None"	1	874.625	23793	1.3	27	5.049	0.222	1.121	9	0.231	"Poor"	FALSE	"Pending"	"No comments"	"Reject"	0.298486146815196	0.626967247979583	0.503748125937031
"chr3-124773796-124773797-G-T"	NA	NA	NA	NA	NA	1	"ITGB5"	"S603R"	2	"ICRERGHCL"	"ENST00000296181.9"	1	"HLA-C*06:02"	3	"None"	1	2325.404	3156.045	5.95	6.065	103.421	0.134	13.858	321	0.344	"Poor"	FALSE	"Pending"	"No comments"	"Reject"	0.265067123678949	0.651212250106338	0.498750624687656
"chr7-21601465-21601466-C-T"	NA	NA	NA	NA	NA	1	"DNAH11"	"H1166Y"	1	"DYDGLVDIM"	"ENST00000409508.8"	5	"HLA-C*06:02"	2	"None"	1	2277	11037.432	6.485	13.5	40.777	0.231	9.419	26	0.205	"Poor"	TRUE	"Pending"	"No comments"	"Reject"	0.270779777206512	0.635899617184177	0.52023988005997
"chr6-40392349-40392350-G-A"	NA	1	1	1	NA	NA	"LRFN2"	"R655C"	1	"LDCLMGAFASL"	"ENST00000338305.7"	1	"HLA-B*37:01"	3	"None"	3	1782.15	3461.19	3.41	3.3	1.848	0.625	1.155	8	0.279	"Poor"	FALSE	"Pending"	"No comments"	"Reject"	0.265638389031705	0.663122075712463	0.497251374312844
"chr9-124312559-124312560-G-A"	NA	NA	NA	NA	NA	NA	"NEK6"	"E82K"	0	"ADFQIKKKI"	"ENST00000373600.7"	1	"HLA-B*37:01"	6	"None"	0	8853.904	7287.077	0.65	0.58	157.613	0.304	47.914	240	0.31	"Poor"	FALSE	"Pending"	"No comments"	"Reject"	0.330477006569552	0.617609527860485	0.472263868065967
"chr12-7142921-7142922-G-A"	NA	NA	NA	NA	NA	1	"CLSTN3"	"V532M"	1	"MRSGRLESREV"	"ENST00000266546.11"	1	"HLA-C*06:02"	1	"None"	1	1186.218	3918.719	1.265	1.95	21.522	0.004	0.086	267	0.04	"Poor"	FALSE	"Pending"	"No comments"	"Reject"	0.282776349614396	0.621012335176521	0.47776111944028
"chr6-89743171-89743172-A-T"	NA	NA	NA	NA	NA	1	"MDN1"	"S1476T"	2	"TVLERLNSV"	"ENST00000369393.8"	1	"HLA-C*06:02"	1	"None"	1	1433.285	1407.945	1.535	1.185	8.605	0.059	0.508	68	0.031	"Poor"	FALSE	"Pending"	"No comments"	"Reject"	0.310768351899457	0.615482773287963	0.480259870064968
"chr12-47679562-47679563-A-T"	NA	NA	NA	NA	NA	NA	"RPAP3"	"V406D"	0	"IEKGHWDDDFL"	"ENST00000005386.8"	2	"HLA-B*37:01"	9	"None"	0	4616.44	3347.05	3.3	2.1	37.648	0.321	12.085	106	0.263	"Poor"	FALSE	"Pending"	"No comments"	"Reject"	0.270779777206512	0.647809442790302	0.507246376811594
"chr19-8091584-8091585-C-T"	NA	NA	NA	NA	NA	NA	"FBN3"	"D1971N"	0	"NECSEEPNLCL"	"ENST00000270509.6"	1	"HLA-B*37:01"	1	"None"	0	2814.1	7274.84	2	4.8	14.28	0.219	3.127	32	0.259	"Poor"	FALSE	"Pending"	"No comments"	"Reject"	0.26021136818052	0.663547426626967	0.504747626186906
"chr19-608030-608031-G-A"	NA	NA	NA	1	NA	NA	"HCN2"	"G429E"	1	"IEYGRQAPESM"	"ENST00000251287.3"	1	"HLA-B*37:01"	2	"None"	1	2226.78	23661.83	1.6	24.579	114.96	0.005	0.575	598	0.213	"Poor"	FALSE	"Pending"	"No comments"	"Reject"	0.281633818908883	0.62951935346661	0.51424287856072
"chr7-118236107-118236108-A-G"	NA	NA	NA	NA	NA	NA	"ANKRD7"	"E179G"	0	"KMVKFLLGK"	"ENST00000265224.9"	1	"HLA-A*32:01"	8	"None"	0	6206.565	4411.665	4.165	2.56	3.333	0.2	0.667	5	0.196	"Poor"	FALSE	"Pending"	"No comments"	"Reject"	0.269922879177378	0.642279880901744	0.515742128935532
"chr11-118643937-118643938-A-C"	NA	NA	2	NA	NA	NA	"PHLDB1"	"K1006Q"	6	"SPSPQSALL"	"ENST00000361417.6"	1	"HLA-B*35:02"	5	"None"	2	154.63	367.822	0.264	0.164	228.793	0	0	447	0.028	"NoExpr"	FALSE	"Pending"	"No comments"	"Reject"	0.301628106255356	0.612930667800936	0.458770614692654
"chr3-19342634-19342635-G-A"	NA	NA	NA	NA	NA	2	"KCNH8"	"R164Q"	2	"QRRSRAVLY"	"ENST00000328405.7"	1	"HLA-C*06:02"	1	"None"	2	176.021	142.882	0.592	0.55	2.64	0	0	27	0.048	"NoExpr"	FALSE	"Pending"	"No comments"	"Reject"	0.290202799200229	0.61718417694598	0.453773113443278
"chr5-115984658-115984659-T-C"	2	2	5	1	NA	NA	"LVRN"	"F310L"	2	"MPTYLVAL"	"ENST00000357872.9"	1	"HLA-B*35:02"	8	"None"	9	192.176	611.32	0.2	0.36	0.931	0	0	1	0.044	"NoExpr"	FALSE	"Pending"	"No comments"	"Reject"	0.31505284204513	0.600170140365802	0.462268865567216
"chr7-143960547-143960548-C-T"	1	2	NA	1	NA	4	"OR2F1"	"S193F"	2	"FSNEVTIMV"	"ENST00000624504.1"	NA	"HLA-C*06:02"	1	"None"	7	267.955	1089.84	0.478	1.35	4.278	0	0	0	0.206	"NoExpr"	FALSE	"Pending"	"No comments"	"Reject"	0.289631533847472	0.615482773287963	0.497251374312844
"chr8-66442831-66442832-T-G"	NA	1	1	2	1	1	"ADHFE1"	"D44E"	6	"TEYAFEMAV"	"ENST00000396623.8"	1	"HLA-B*37:01"	2	"None"	6	302.73	890.4	0.189	0.456	6.967	0	0	15	0.302	"NoExpr"	FALSE	"Pending"	"No comments"	"Reject"	0.31505284204513	0.6095278604849	0.458770614692654
"chr15-22866539-22866540-C-T"	NA	2	2	NA	NA	2	"NIPA2"	"S259L"	9	"TPIYYVFFTTL"	"ENST00000398013.7"	1	"HLA-B*35:02"	11	"None"	4	316.12	13973.48	0.78	14.53	51.169	0	0	89	0.092	"NoExpr"	FALSE	"Pending"	"No comments"	"Reject"	0.274493001999429	0.615057422373458	0.523738130934533
"chr14-45187845-45187846-A-G"	NA	1	NA	NA	NA	1	"FANCM"	"M1580V"	4	"MMNNKYKVI"	"ENST00000267430.10"	1	"HLA-A*32:01"	8	"None"	1	383.886	374.112	0.95	1.55	5.38	0	0	0	0.026	"NoExpr"	FALSE	"Pending"	"No comments"	"Reject"	0.261925164238789	0.628243300723097	0.491754122938531
"chr12-84885527-84885528-T-A"	3	13	NA	NA	NA	2	"SLC6A15"	"I161F"	17	"NVFIGWSLFY"	"ENST00000266682.10"	1	"HLA-A*26:01"	3	"None"	15	397.422	301.444	0.214	0.165	10.4	0	0	38	0.307	"NoExpr"	FALSE	"Pending"	"No comments"	"Reject"	0.316481005427021	0.607826456826882	0.436781609195402
"chr6-34036241-34036242-C-T"	NA	1	1	3	NA	NA	"GRM4"	"R623H"	7	"HELSYVLL"	"ENST00000538487.7"	2	"HLA-B*37:01"	1	"None"	5	405.442	174.04	0.2	0.2	0.101	0	0	0	0.354	"NoExpr"	FALSE	"Pending"	"No comments"	"Reject"	0.317337903456155	0.604423649510846	0.455772113943028
"chr7-97988449-97988450-C-T"	1	NA	NA	NA	1	2	"OCM2"	"D54N"	1	"FRFIDNNQS"	"ENST00000257627.4"	1	"HLA-C*06:02"	7	"None"	4	406.526	1008.611	2.5	4.7	0.4	0	0	0	0.207	"NoExpr"	FALSE	"Pending"	"No comments"	"Reject"	0.258783204798629	0.621012335176521	0.518740629685157
"chr1-225374805-225374806-A-C"	1	NA	NA	NA	NA	2	"DNAH14"	"K4053T"	3	"TRCLKTLLY"	"ENST00000430092.5"	5	"HLA-C*06:02"	1	"None"	3	436.99	631.797	0.792	1.166	3.808	0	0	0	0.293	"NoExpr"	FALSE	"Pending"	"No comments"	"Reject"	0.262496429591545	0.635474266269673	0.48775612193903
"chr1-186137575-186137576-G-A"	NA	1	NA	NA	NA	NA	"HMCN1"	"R4554H"	1	"RSHLCNQPL"	"ENST00000271588.9"	1	"HLA-A*32:01"	3	"None"	1	460.74	823.94	1.65	2.673	2.022	0	0	0	0.311	"NoExpr"	FALSE	"Pending"	"No comments"	"Reject"	0.249928591830905	0.643130582730753	0.497251374312844
"chr17-41516940-41516941-C-T"	NA	2	2	2	NA	3	"KRT15"	"R202H"	5	"YENELALHQGV"	"ENST00000254043.8"	1	"HLA-B*37:01"	8	"None"	7	613.36	713.8	1.623	1.698	0.332	0	0	0	0.299	"NoExpr"	TRUE	"Pending"	"No comments"	"Reject"	0.27592116538132	0.622713738834539	0.496751624187906
"chr7-143960612-143960613-C-T"	NA	4	NA	NA	NA	1	"OR2F1"	"L215F"	2	"LMTPFCLVF"	"ENST00000624504.1"	NA	"HLA-A*32:01"	9	"None"	5	641.408	3057.3	0.715	4.465	4.278	0	0	0	0.196	"NoExpr"	FALSE	"Pending"	"No comments"	"Reject"	0.260782633533276	0.615482773287963	0.526736631684158
"chr7-144259599-144259600-T-A"	1	2	NA	1	NA	NA	"OR2A7"	"E10V"	2	"ITVFLLLGF"	"ENST00000493325.1"	NA	"HLA-A*32:01"	3	"None"	3	696.694	1014.214	1.037	1.904	0.046	0	0	2	0.202	"NoExpr"	FALSE	"Pending"	"No comments"	"Reject"	0.259354470151385	0.632071458953637	0.515242378810595
"chr8-25395677-25395678-G-A"	NA	NA	1	NA	NA	NA	"DOCK5"	"V1555M"	1	"HPLSMLLSGIM"	"ENST00000276440.12"	1	"HLA-B*35:02"	11	"None"	1	756.68	2960.48	0.978	2.754	53.325	0	0	88	0.027	"NoExpr"	FALSE	"Pending"	"No comments"	"Reject"	0.271351042559269	0.614632071458954	0.513243378310845
"chr19-58067183-58067184-C-T"	1	2	NA	NA	NA	NA	"ZNF135"	"R258W"	5	"WTHTGERPY"	"ENST00000401053.8"	1	"HLA-A*26:01"	1	"None"	3	928.35	10089.433	0.91	4.65	2.038	0	0	5	0.218	"NoExpr"	FALSE	"Pending"	"No comments"	"Reject"	0.277063696086832	0.635899617184177	0.519740129935032
"chr11-126436962-126436963-C-T"	NA	NA	NA	1	NA	NA	"KIRREL3"	"R467H"	3	"LESGTSGHYTV"	"ENST00000525144.7"	1	"HLA-B*37:01"	8	"None"	1	990.08	1195.92	1.215	1.237	3.917	0	0	7	0.279	"NoExpr"	FALSE	"Pending"	"No comments"	"Reject"	0.273064838617538	0.628243300723097	0.488255872063968
"chr7-129482956-129482957-G-A"	NA	2	NA	NA	NA	NA	"STRIP2"	"R722H"	2	"QTKYLGHQW"	"ENST00000249344.7"	1	"HLA-A*32:01"	7	"None"	2	1024.117	2154.348	1.85	2.75	4.216	0	0	8	0.236	"NoExpr"	FALSE	"Pending"	"No comments"	"Reject"	0.288203370465581	0.600595491280306	0.523238380809595
"chr7-93219400-93219401-C-T"	1	NA	1	NA	NA	1	"HEPACAM2"	"V32I"	4	"IRGQALYL"	"ENST00000440868.5"	1	"HLA-C*06:02"	1	"None"	3	1043.988	1112.566	0.483	0.627	0.062	0	0	0	0.202	"NoExpr"	FALSE	"Pending"	"No comments"	"Reject"	0.286489574407312	0.606550404083369	0.517241379310345
"chr9-12694362-12694363-G-T"	NA	NA	NA	NA	NA	1	"TYRP1"	"D123Y"	1	"ACYQRVLIV"	"ENST00000388918.10"	1	"HLA-C*06:02"	3	"None"	1	1055.872	1776.685	2.3	5.145	0.173	0	0	0	0.048	"NoExpr"	FALSE	"Pending"	"No comments"	"Reject"	0.252213653241931	0.621012335176521	0.508745627186407
"chr4-153703844-153703845-C-A"	NA	1	NA	1	NA	NA	"TLR2"	"T313K"	3	"KIRRLHIPRF"	"ENST00000260010.6"	NA	"HLA-A*32:01"	1	"None"	2	1233.97	6174.18	1.024	4.82	34.448	0	0	85	0.306	"NoExpr"	FALSE	"Pending"	"No comments"	"Reject"	0.260497000856898	0.63717566992769	0.519740129935032
"chr19-35559839-35559840-C-A"	1	2	NA	NA	NA	1	"ATP4A"	"A341S"	1	"MVFFMAIVVSY"	"ENST00000262623.4"	1	"HLA-A*32:01"	10	"None"	2	1301.559	1599.685	1.5	1.865	0	0	0	0	0.205	"NoExpr"	FALSE	"Pending"	"No comments"	"Reject"	0.267637817766352	0.620586984262016	0.517741129435282
"chr5-151549339-151549340-C-T"	NA	NA	NA	NA	NA	1	"FAT2"	"A1582T"	1	"RAMDTDRGV"	"ENST00000261800.6"	1	"HLA-C*06:02"	5	"None"	1	1798.334	1860.253	1.835	1.96	0.011	0	0	0	0.272	"NoExpr"	FALSE	"Pending"	"No comments"	"Reject"	0.261068266209654	0.618885580603998	0.533233383308346
"chr9-129012257-129012258-A-C"	1	NA	1	1	NA	NA	"SH3GLB2"	"I205S"	4	"QETRPRNYSL"	"ENST00000372554.8"	1	"HLA-B*37:01"	9	"None"	3	1807.59	1519.62	0.88	1.2	37.366	0	0	173	0.04	"NoExpr"	FALSE	"Pending"	"No comments"	"Reject"	0.285918309054556	0.614206720544449	0.482758620689655
"chr5-156954606-156954607-G-A"	NA	NA	NA	1	NA	NA	"TIMD4"	"R70C"	2	"KEALICTDGM"	"ENST00000274532.7"	1	"HLA-B*37:01"	6	"None"	1	1824.253	2314.528	1.9	2	0.955	0	0	9	0.271	"NoExpr"	FALSE	"Pending"	"No comments"	"Reject"	0.252499285918309	0.639302424500213	0.489255372313843
"chr19-14972766-14972767-G-A"	NA	NA	1	NA	NA	NA	"SLC1A6"	"R53C"	2	"DPRACAAL"	"ENST00000430939.6"	2	"HLA-B*35:02"	5	"None"	1	2048.84	6852.6	2.05	2.4	2.376	0	0	0	0.199	"NoExpr"	FALSE	"Pending"	"No comments"	"Reject"	0.238788917452157	0.64568268821778	0.51824087956022
"chr14-100881063-100881064-C-T"	1	NA	NA	NA	NA	NA	"RTL1"	"R1242H"	1	"EALQDDLQHY"	"ENST00000649591.1"	NA	"HLA-A*26:01"	9	"None"	1	2348.489	1924.23	0.935	0.75	0.04	0	0	0	0.313	"NoExpr"	FALSE	"Pending"	"No comments"	"Reject"	0.290774064552985	0.6095278604849	0.495252373813093
"chr17-35363622-35363623-C-T"	NA	NA	NA	1	NA	NA	"SLFN11"	"R62Q"	9	"IQMAKKVEHPV"	"ENST00000308377.8"	1	"HLA-B*37:01"	2	"None"	1	2394.71	12045.03	4.9	19	27.252	0	0	204	0.328	"NoExpr"	TRUE	"Pending"	"No comments"	"Reject"	0.258497572122251	0.622288387920034	0.528735632183908
"chr7-44239659-44239660-C-T"	NA	NA	NA	NA	NA	NA	"CAMK2B"	"G317D"	0	"FSVDRQTTA"	"ENST00000395749.7"	1	"HLA-C*06:02"	4	"None"	0	2540.039	3120.02	2.206	4.042	30.641	0	0	3	0.201	"NoExpr"	FALSE	"Pending"	"No comments"	"Reject"	0.252784918594687	0.618460229689494	0.544227886056971
"chr1-1298100-1298101-C-T"	NA	NA	NA	NA	NA	NA	"ACAP3"	"V310M"	0	"KDALTMVV"	"ENST00000354700.10"	1	"HLA-B*37:01"	6	"None"	0	2607.061	1989.193	0.76	0.56	61.561	0	0	159	0.041	"NoExpr"	FALSE	"Pending"	"No comments"	"Reject"	0.282490716938018	0.612505316886431	0.480259870064968
"chr15-48288071-48288072-C-G"	NA	NA	NA	NA	NA	NA	"SLC12A1"	"H887D"	0	"MDVGEFNQKL"	"ENST00000380993.8"	5	"HLA-B*37:01"	2	"None"	0	2657.5	9001.91	1.2	8.2	0.255	0	0	0	0.227	"NoExpr"	FALSE	"Pending"	"No comments"	"Reject"	0.256498143387604	0.619310931518503	0.534232883558221
"chr1-43183752-43183753-G-A"	NA	NA	NA	NA	NA	NA	"CFAP57"	"V213I"	0	"WVADDKIVI"	"ENST00000528956.5"	2	"HLA-B*35:02"	9	"None"	0	4406.59	5486.55	3	3.6	0.266	0	0	0	0.259	"NoExpr"	FALSE	"Pending"	"No comments"	"Reject"	0.255355612682091	0.624415142492556	0.540729635182409
"chr3-119146640-119146641-C-A"	NA	NA	NA	NA	NA	NA	"TEX55"	"P151H"	0	"TERRLHTQA"	"ENST00000295622.6"	1	"HLA-B*37:01"	6	"None"	0	7629.08	11603.78	2.7	3.5	0	0	0	1	0.032	"NoExpr"	FALSE	"Pending"	"No comments"	"Reject"	0.247357897743502	0.618034878774989	0.538230884557721
