"ID"	"A*01:01"	"A*24:02"	"B*13:02"	"B*27:05"	"C*01:02"	"C*06:02"	"Gene"	"AA Change"	"Num Passing Transcripts"	"Best Peptide"	"Best Transcript"	"TSL"	"Allele"	"Pos"	"Prob Pos"	"Num Passing Peptides"	"IC50 MT"	"IC50 WT"	"%ile MT"	"%ile WT"	"RNA Expr"	"RNA VAF"	"Allele Expr"	"RNA Depth"	"DNA VAF"	"Tier"	"Ref Match"	"Comments"	"Evaluation_pred"	"Reject_pred_prob"	"Accept_pred_prob"
"chr7-55201296-55201297-C-T"	NA	2	NA	NA	NA	NA	"EGFR"	"P1019L"	3	"EYLILQQGFF"	"ENST00000275493.7"	1	"HLA-A*24:02"	"5"	"None"	2	210.197	351.38	0.388	0.415	2810.565	0.308	865.654	2071	0.838	"Pass"	FALSE	"Probability of Accept:  0.691"	"Accept"	0.309226932668329	0.690773067331671
"chr5-90753801-90753802-G-C"	NA	2	NA	6	NA	NA	"ADGRV1"	"V3784L"	2	"WRAASLFIRV"	"ENST00000405460.9"	1	"HLA-B*27:05"	"6"	"None"	8	97.495	103.8	0.465	0.745	22.689	0.4	9.076	30	0.392	"Pass"	FALSE	"Probability of Accept:  0.908"	"Accept"	0.0922693266832918	0.907730673316708
"chr1-1341750-1341751-G-A"	NA	NA	NA	5	2	3	"DVL1"	"P174L"	2	"RRRDVGLL"	"ENST00000378891.9"	1	"HLA-B*27:05"	"8"	"None"	8	262.942	1596.57	0.595	2.7	48.781	0.553	26.976	226	0.365	"Pass"	FALSE	"Probability of Accept:  0.863"	"Accept"	0.13715710723192	0.86284289276808
"chr16-81270387-81270388-G-T"	1	NA	1	7	NA	5	"BCO1"	"R358M"	1	"LRMFAVPLH"	"ENST00000258168.7"	1	"HLA-B*27:05"	"3"	"None"	9	119.492	629.864	0.4	1.681	2.521	0.75	1.891	4	0.385	"Pass"	FALSE	"Probability of Accept:  0.908"	"Accept"	0.0922693266832918	0.907730673316708
"chr9-132376143-132376144-G-A"	NA	3	1	NA	2	1	"TTF1"	"T830M"	2	"YLYEMTLPL"	"ENST00000334270.3"	1	"HLA-C*01:02"	"5"	"None"	4	173.56	113.71	0.18	0.1	12.823	0.433	5.552	67	0.457	"Pass"	FALSE	"Probability of Accept:  0.813"	"Accept"	0.187032418952618	0.812967581047382
"chr8-22221815-22221816-C-T"	2	NA	NA	NA	NA	NA	"PHYHIP"	"G177D"	3	"TSDMLHGVF"	"ENST00000321613.7"	1	"HLA-A*01:01"	"3"	"None"	2	301.719	7822.029	0.31	4.15	3.749	0.231	0.866	13	0.455	"LowExpr"	FALSE	"Probability of Accept:  0.643"	"Accept"	0.356608478802993	0.643391521197007
"chr2-219557348-219557349-C-T"	1	NA	NA	2	NA	2	"OBSL1"	"V1354M"	2	"VSMEEPLLV"	"ENST00000404537.6"	1	"HLA-C*06:02"	"3"	"None"	3	646.728	2781.921	0.625	2.55	187.674	0.381	71.504	63	0.571	"Poor"	FALSE	"Probability of Accept:  0.92"	"Accept"	0.0798004987531172	0.920199501246883
"chr1-1339399-1339400-G-A"	1	2	NA	NA	1	NA	"DVL1"	"S365F"	4	"AAWLFHTAAL"	"ENST00000378891.9"	1	"HLA-C*01:02"	"5"	"None"	4	1219.04	853.22	2.56	1.223	48.781	0.335	16.342	227	0.458	"Poor"	FALSE	"Probability of Accept:  0.576"	"Review"	0.423940149625935	0.576059850374065
"chr7-55142318-55142319-T-G"	NA	1	NA	NA	NA	NA	"EGFR"	"L41W"	6	"QWGTFEDHF"	"ENST00000275493.7"	1	"HLA-A*24:02"	"2"	"None"	1	1524.918	12119.246	1.058	9.05	2810.565	0.956	2686.9	8252	0.929	"Poor"	FALSE	"Probability of Accept:  0.668"	"Accept"	0.331670822942643	0.668329177057357
"chr12-6548833-6548834-G-A"	NA	NA	1	1	NA	NA	"IFFO1"	"P366S"	1	"KLSLHLSSI"	"ENST00000619571.5"	2	"HLA-B*13:02"	"8"	"None"	2	1474.36	1893.96	0.353	0.906	48.646	0.616	29.966	73	0.441	"Poor"	FALSE	"Probability of Accept:  0.559"	"Review"	0.44139650872818	0.55860349127182
"chr12-2817234-2817235-G-A"	NA	NA	NA	NA	NA	NA	"ITFG2"	"V37M"	0	"MVGDTSGKV"	"ENST00000228799.7"	1	"HLA-C*06:02"	"1"	"None"	0	5781.898	10346.737	7.989	9.85	33.282	0.49	16.308	49	0.362	"Poor"	FALSE	"Probability of Accept:  0.197"	"Reject"	0.802992518703242	0.197007481296758
"chr2-74536796-74536797-GC-G"	NA	NA	NA	1	NA	NA	"LOXL3"	"FS275"	4	"ARCPGGALQW"	"ENST00000264094.8"	1	"HLA-B*27:05"	"10-Jul"	"None"	1	2373.094	2416.17	2.885	2.985	36.017	0.021	0.756	47	0.065	"Poor"	FALSE	"Probability of Accept:  0.259"	"Reject"	0.740648379052369	0.259351620947631
"chr7-101002443-101002444-G-A"	NA	NA	NA	NA	NA	NA	"MUC12"	"V4104I"	0	"LSPATTTSSGI"	"ENST00000379442.7"	5	"HLA-C*01:02"	"11"	"None"	0	5441.03	6062.767	2.506	3.825	8.386	0.667	5.593	3	0.059	"Poor"	FALSE	"Probability of Accept:  0.217"	"Reject"	0.783042394014963	0.216957605985037
"chr12-21848158-21848159-C-T"	NA	NA	NA	NA	NA	NA	"ABCC9"	"E953K"	0	"SREAKAQMEDK"	"ENST00000261200.9"	5	"HLA-B*27:05"	"11"	"None"	0	9153.228	25291.103	6.8	27.92	11.889	0.478	5.683	23	0.273	"Poor"	TRUE	"Probability of Accept:  0.214"	"Reject"	0.785536159600998	0.214463840399002
"chr18-10691246-10691247-C-T"	NA	10	NA	NA	2	2	"PIEZO2"	"V2330I"	5	"SYNYINLFLF"	"ENST00000503781.7"	1	"HLA-A*24:02"	"5"	"None"	12	16.7	19.489	0.059	0.058	2.484	0	0	7	0.467	"NoExpr"	FALSE	"Probability of Accept:  0.082"	"Reject"	0.917705735660848	0.0822942643391521
"chr11-57476516-57476517-AC-A"	NA	NA	NA	18	1	5	"RTN4RL2"	"FS290"	1	"RRVRPRHPR"	"ENST00000335099.8"	1	"HLA-B*27:05"	"9-Jan"	"None"	22	36.847	NA	0.157	NA	1.413	0	0	11	0.076	"NoExpr"	FALSE	"Probability of Accept:  0.045"	"Reject"	0.955112219451372	0.0448877805486284
"chr17-43783202-43783203-G-A"	NA	NA	NA	2	NA	3	"CFAP97D1"	"R113H"	1	"NRETRNHEL"	"ENST00000449302.8"	1	"HLA-C*06:02"	"7"	"None"	3	334.545	236.549	0.585	0.385	0.351	0	0	0	0.458	"NoExpr"	FALSE	"Probability of Accept:  0.042"	"Reject"	0.957605985037406	0.0423940149625935
"chrX-153694355-153694356-G-A"	2	4	NA	NA	NA	1	"SLC6A8"	"V469I"	4	"VTDGGMYIF"	"ENST00000253122.10"	1	"HLA-A*01:01"	"8"	"None"	7	402.233	390.283	0.265	0.265	98.702	0	0	334	0.558	"NoExpr"	TRUE	"Probability of Accept:  0.067"	"Reject"	0.932668329177057	0.0673316708229426
"chr11-123939725-123939726-T-C"	NA	4	NA	NA	1	2	"OR4D5"	"M37T"	1	"VYFTTVVGNL"	"ENST00000307033.3"	NA	"HLA-A*24:02"	"4"	"None"	6	411.836	267.4	0.445	0.495	0	0	0	0	0.497	"NoExpr"	FALSE	"Probability of Accept:  0.042"	"Reject"	0.957605985037406	0.0423940149625935
"chr20-45207861-45207862-G-A"	NA	NA	NA	2	NA	1	"SEMG1"	"G189R"	1	"GRSQSSYVL"	"ENST00000372781.4"	1	"HLA-B*27:05"	"2"	"None"	2	561.826	29307.135	1.25	34.415	0	0	0	0	0.524	"NoExpr"	FALSE	"Probability of Accept:  0.067"	"Reject"	0.932668329177057	0.0673316708229426
"chr18-46579721-46579722-C-T"	2	1	NA	NA	NA	NA	"LOXHD1"	"V573I"	3	"IYLCLFGDV"	"ENST00000536736.5"	5	"HLA-A*24:02"	"1"	"None"	3	687.662	1004.045	1.2	1.55	0.084	0	0	0	0.48	"NoExpr"	FALSE	"Probability of Accept:  0.002"	"Reject"	0.997506234413965	0.00249376558603491
"chr9-16436706-16436707-C-T"	NA	NA	NA	2	NA	NA	"BNC2"	"R322H"	5	"NRHSANPNPHL"	"ENST00000545497.5"	1	"HLA-B*27:05"	"10"	"None"	2	1185.21	1003.15	1.483	1.35	1.849	0	0	2	0.857	"NoExpr"	FALSE	"Probability of Accept:  0.04"	"Reject"	0.960099750623441	0.0399002493765586
"chr4-10542031-10542032-G-T"	NA	NA	NA	NA	1	1	"CLNK"	"P161T"	2	"LTPPRPLITL"	"ENST00000226951.11"	1	"HLA-C*01:02"	"2"	"None"	2	1220.88	2087.63	0.085	0.576	0.367	0	0	1	0.514	"NoExpr"	FALSE	"Probability of Accept:  0.03"	"Reject"	0.970074812967581	0.029925187032419
"chr19-53982483-53982484-T-C"	2	NA	NA	NA	2	1	"CACNG8"	"S305P"	1	"FASTDIPMY"	"ENST00000270458.4"	1	"HLA-A*01:01"	"7"	"None"	3	1229.34	649.743	0.75	0.525	6.14	0	0	32	0.055	"NoExpr"	FALSE	"Probability of Accept:  0.052"	"Reject"	0.947630922693267	0.0523690773067332
"chr13-45713395-45713396-G-A"	NA	1	NA	NA	NA	NA	"CBY2"	"S124N"	4	"VQLNDEMFVF"	"ENST00000310521.6"	1	"HLA-A*24:02"	"4"	"None"	1	1241.07	1008.431	1.5	1.3	0	0	0	0	0.414	"NoExpr"	FALSE	"Probability of Accept:  0.002"	"Reject"	0.997506234413965	0.00249376558603491
"chr19-22088090-22088091-G-T"	NA	NA	1	NA	NA	NA	"ZNF257"	"R38I"	2	"CEHENLQLI"	"ENST00000597927.1"	2	"HLA-B*13:02"	"9"	"None"	1	1281.74	32108.66	0.56	26	1.053	0	0	0	0.126	"NoExpr"	FALSE	"Probability of Accept:  0.087"	"Reject"	0.912718204488778	0.087281795511222
"chr20-609893-609894-C-T"	2	NA	NA	2	NA	NA	"TCF15"	"R115H"	1	"RKLSKIETLHL"	"ENST00000246080.4"	1	"HLA-B*27:05"	"10"	"None"	4	1486.905	1480.459	2.665	1.9	0.176	0	0	2	0.435	"NoExpr"	FALSE	"Probability of Accept:  0.037"	"Reject"	0.962593516209476	0.0374064837905237
"chr4-103591595-103591596-G-C"	NA	1	NA	NA	NA	NA	"TACR3"	"Q326E"	1	"IYEQLNRW"	"ENST00000304883.3"	1	"HLA-A*24:02"	"3"	"None"	1	1572.836	1316.305	1.639	0.83	0.007	0	0	0	0.447	"NoExpr"	FALSE	"Probability of Accept:  0.017"	"Reject"	0.982543640897756	0.0174563591022444
"chr16-31297551-31297552-C-T"	NA	NA	NA	1	NA	NA	"ITGAM"	"R118C"	1	"LRGLPLLRGC"	"ENST00000567031.1"	1	"HLA-B*27:05"	"10"	"None"	1	1966.737	261.14	4.2	1.006	11.68	0	0	33	0.393	"NoExpr"	FALSE	"Probability of Accept:  0.035"	"Reject"	0.965087281795511	0.0349127182044888
"chr17-12896416-12896417-G-A"	NA	NA	NA	NA	NA	NA	"ARHGAP44"	"R35H"	0	"LQVEKHLEL"	"ENST00000379672.10"	1	"HLA-B*13:02"	"6"	"None"	0	2792.6	4018.926	0.34	0.6	0.619	0	0	2	0.479	"NoExpr"	FALSE	"Probability of Accept:  0.022"	"Reject"	0.977556109725686	0.0224438902743142
"chr1-173952088-173952089-T-A"	NA	NA	NA	NA	NA	NA	"RC3H1"	"Y807F"	0	"KYKGNDFSQY"	"ENST00000258349.8"	1	"HLA-A*24:02"	"7"	"None"	0	3225.416	3704.753	2.45	2.75	29.935	0	0	195	0.029	"NoExpr"	FALSE	"Probability of Accept:  0.02"	"Reject"	0.980049875311721	0.0199501246882793
"chr4-99650470-99650471-C-T"	NA	NA	NA	NA	NA	NA	"C4orf54"	"S1393N"	0	"PLPNNRNVF"	"ENST00000511828.2"	1	"HLA-A*24:02"	"4"	"None"	0	4185.671	3779.677	3.15	2.85	0.011	0	0	0	0.434	"NoExpr"	FALSE	"Probability of Accept:  0"	"Reject"	1	0
"chrX-38076670-38076671-G-A"	NA	NA	NA	NA	NA	NA	"SYTL5"	"R220Q"	0	"GQHFQSLKS"	"ENST00000456733.2"	1	"HLA-B*27:05"	"5"	"None"	0	6134.126	4994.24	9.5	7.7	0.151	0	0	0	0.404	"NoExpr"	FALSE	"Probability of Accept:  0.005"	"Reject"	0.99501246882793	0.00498753117206983
