"ID"	"A*01:01"	"A*03:02"	"B*55:01"	"B*57:01"	"C*03:03"	"C*06:02"	"Gene"	"AA Change"	"Num Passing Transcripts"	"Best Peptide"	"Best Transcript"	"TSL"	"Allele"	"Pos"	"Prob Pos"	"Num Included Peptides"	"Num Passing Peptides"	"IC50 MT"	"IC50 WT"	"%ile MT"	"%ile WT"	"RNA Expr"	"RNA VAF"	"Allele Expr"	"RNA Depth"	"DNA VAF"	"Tier"	"Ref Match"	"Comments"	"Evaluation_pred"	"Reject_pred_prob"	"Accept_pred_prob"
"chr16-74951464-74951465-C-T"	NA	NA	NA	2	NA	1	"WDR59"	"V107I"	4	"HTRIISDLDW"	"ENST00000616369.4"	1	"HLA-B*57:01"	4	"None"	3	1	145.436	146.119	0.136	0.144	91.253	0.54	49.277	50	0.245	"Pass"	"False"	"No comments"	"Accept"	0.0374064837905237	0.962593516209476
"chr7-55156613-55156614-C-T"	NA	NA	NA	2	3	NA	"EGFR"	"T363I"	6	"ISISGDLHI"	"ENST00000275493.7"	1	"HLA-C*03:03"	1	"None"	3	2	187.489	496.223	2.39	3.9	1160.344	0.935	1084.922	4391	0.868	"Pass"	"False"	"No comments"	"Accept"	0.336658354114713	0.663341645885287
"chr14-105383491-105383492-C-T"	NA	NA	NA	NA	2	NA	"PACS2"	"R587C"	4	"YMCFLVIPL"	"ENST00000447393.6"	1	"HLA-C*03:03"	3	"None"	2	1	196.462	610.43	2.054	2.775	33.948	0.667	22.643	18	0.342	"Pass"	"False"	"No comments"	"Review"	0.581047381546135	0.418952618453865
"chr16-89694696-89694697-C-T"	NA	2	NA	NA	2	NA	"CDK10"	"A234V"	5	"ILAELLVHR"	"ENST00000353379.12"	1	"HLA-A*03:02"	7	"None"	4	1	471.752	631.809	0.65	0.84	60.772	0.397	24.126	58	0.229	"Pass"	"False"	"No comments"	"Accept"	0.139650872817955	0.860349127182045
"chr17-7674943-7674944-C-G"	NA	1	2	NA	2	NA	"TP53"	"R196P"	19	"IPVEGNLRV"	"ENST00000269305.9"	1	"HLA-B*55:01"	2	"None"	5	1	482.07	22566.84	0.46	22	69.246	0.309	21.397	68	0.204	"Pass"	"False"	"No comments"	"Accept"	0.192019950124688	0.807980049875312
"chr12-47791293-47791294-G-A"	NA	NA	NA	5	3	NA	"HDAC7"	"R650W"	6	"KLAGLLAQW"	"ENST00000080059.12"	1	"HLA-B*57:01"	9	"None"	8	3	63.934	22742.385	0.125	23	74.014	0.227	16.801	22	0.138	"Subclonal"	"False"	"No comments"	"Accept"	0.221945137157107	0.778054862842893
"chr14-103732735-103732736-G-A"	NA	4	NA	3	2	2	"ZFYVE21"	"V215M"	2	"QAMAWLVAM"	"ENST00000311141.7"	1	"HLA-C*03:03"	3	"None"	11	7	25.181	31.965	0.393	0.495	40.1	0.308	12.351	227	0.146	"Subclonal"	"False"	"No comments"	"Accept"	0.0648379052369077	0.935162094763092
"chr3-62231261-62231262-C-T"	NA	1	4	1	NA	NA	"PTPRG"	"R776C"	1	"FPRCFREVPS"	"ENST00000474889.6"	1	"HLA-B*55:01"	4	"None"	6	4	146.73	179.57	0.49	0.492	48.463	0.286	13.86	7	0.083	"Subclonal"	"False"	"No comments"	"Review"	0.498753117206983	0.501246882793017
"chr4-52028823-52028824-T-A"	1	1	NA	3	3	4	"SGCB"	"Q176L"	1	"MQFFDPRTL"	"ENST00000381431.10"	1	"HLA-C*03:03"	9	"None"	8	1	73.446	6472.203	0.522	13.271	108.195	0.04	4.328	453	0.04	"Subclonal"	"False"	"No comments"	"Accept"	0.384039900249377	0.615960099750623
"chr1-113093505-113093506-T-A"	NA	2	NA	NA	1	NA	"LRIG2"	"S153T"	1	"LSTNIISEI"	"ENST00000361127.6"	1	"HLA-C*03:03"	3	"None"	3	2	243.343	219.115	4.46	4.05	22.841	0.077	1.759	39	0.055	"Subclonal"	"False"	"No comments"	"Accept"	0.334164588528678	0.665835411471322
"chr11-112071679-112071680-C-G"	NA	1	2	NA	4	1	"PIH1D2"	"V86L"	6	"QSTTHPLPL"	"ENST00000530641.5"	2	"HLA-C*03:03"	7	"None"	6	1	80.044	91.499	0.755	0.617	13.59	0.333	4.525	6	0.039	"Poor"	"False"	"No comments"	"Reject"	0.635910224438903	0.364089775561097
"chr17-63813314-63813315-G-A"	NA	2	NA	NA	NA	1	"DDX42"	"R588H"	4	"HTHRIGHTGR"	"ENST00000578681.5"	1	"HLA-A*03:02"	7	"None"	3	0	1553.53	3363.17	2.4	3.5	156.948	0.469	73.609	64	0.208	"Poor"	"False"	"No comments"	"Review"	0.556109725685786	0.443890274314214
"chr1-34987820-34987821-A-C"	NA	1	NA	NA	NA	3	"ZMYM6"	"H1087Q"	1	"RLFELRQEI"	"ENST00000357182.9"	1	"HLA-C*06:02"	7	"None"	4	1	867.982	1376.4	0.705	0.95	42.905	0.486	20.852	35	0.288	"Poor"	"False"	"No comments"	"Accept"	0.28428927680798	0.71571072319202
"chr17-7673799-7673800-C-A"	NA	NA	NA	NA	1	1	"TP53"	"V274F"	17	"GRNSFEVRF"	"ENST00000269305.9"	1	"HLA-C*06:02"	9	"None"	2	0	1421.454	1106.015	3.35	1.6	69.246	0.528	36.562	72	0.229	"Poor"	"False"	"No comments"	"Review"	0.538653366583541	0.461346633416459
"chrX-123404753-123404754-G-T"	NA	NA	NA	NA	NA	NA	"GRIA3"	"G447V"	0	"YKKNHEQLEV"	"ENST00000620443.2"	1	"HLA-C*06:02"	10	"None"	0	0	3434.54	22447.899	1.9	27.5	67.592	0.845	57.115	97	0.202	"Poor"	"False"	"No comments"	"Review"	0.57356608478803	0.42643391521197
"chr15-41846766-41846767-C-T"	NA	1	1	NA	3	NA	"JMJD7-PLA2G4B"	"L858F"	4	"LPFLQPTRDV"	"ENST00000382448.8"	2	"HLA-B*55:01"	3	"None"	5	0	614.75	1257.38	0.527	1.2	5.608	0.4	2.243	10	0.076	"Poor"	"False"	"No comments"	"Review"	0.576059850374065	0.423940149625935
"chr2-201407551-201407552-A-C"	NA	1	NA	1	NA	NA	"TRAK2"	"L46R"	2	"RLEEQLPQYR"	"ENST00000332624.8"	1	"HLA-A*03:02"	1	"None"	2	0	1258.46	3379.35	0.91	3.4	80.125	0.25	20.031	72	0.045	"Poor"	"False"	"No comments"	"Accept"	0.371571072319202	0.628428927680798
"chr19-10680381-10680382-C-A"	NA	NA	NA	NA	NA	NA	"ILF3"	"A299D"	0	"DTDAIGHLDR"	"ENST00000449870.5"	1	"HLA-A*01:01"	1	"None"	0	0	4988.435	4889.901	2.45	1.691	142.676	0.222	31.674	171	0.102	"Poor"	"False"	"No comments"	"Reject"	0.753117206982544	0.246882793017456
"chr3-49660720-49660721-G-A"	NA	NA	NA	NA	1	NA	"BSN"	"R2959H"	1	"KLHKKQAEL"	"ENST00000296452.5"	1	"HLA-C*03:03"	3	"None"	1	0	1553.47	3560.592	8.2	15.135	1.768	1	1.768	1	0.299	"Poor"	"False"	"No comments"	"Reject"	0.633416458852868	0.366583541147132
"chrX-118572383-118572384-G-A"	NA	NA	NA	NA	NA	NA	"DOCK11"	"R366H"	0	"HFLVNCHDL"	"ENST00000276202.9"	1	"HLA-C*03:03"	1	"None"	0	0	3986.378	6200.353	9.195	13.08	11.909	0.095	1.131	126	0.036	"Poor"	"False"	"No comments"	"Reject"	0.822942643391521	0.177057356608479
"chr3-5213462-5213463-G-A"	NA	NA	NA	NA	NA	NA	"EDEM1"	"G609R"	0	"DQGRKSVHR"	"ENST00000256497.9"	1	"HLA-A*03:02"	4	"None"	0	0	8119.757	6755.548	20	22	32.829	0.206	6.763	34	0.169	"Poor"	"False"	"No comments"	"Reject"	0.907730673316708	0.0922693266832918
"chr5-36048955-36048956-C-T"	NA	NA	3	NA	8	2	"UGT3A2"	"R259Q"	2	"FAFDFAQPL"	"ENST00000282507.8"	1	"HLA-C*03:03"	7	"None"	10	2	1.945	1.905	0.014	0.01	0	0	0	0	0.216	"NoExpr"	"False"	"No comments"	"Reject"	0.768079800498753	0.231920199501247
"chrX-121047819-121047820-G-A"	NA	NA	2	1	7	NA	"GLUD2"	"A46T"	1	"AASQPGLTL"	"ENST00000328078.3"	NA	"HLA-C*03:03"	8	"None"	9	3	6.939	5.298	0.15	0.11	0.193	0	0	1	0.098	"NoExpr"	"False"	"No comments"	"Reject"	0.8428927680798	0.1571072319202
"chr7-47800709-47800710-C-T"	2	NA	NA	2	2	NA	"PKD1L1"	"R2711Q"	6	"KSDQQAMACY"	"ENST00000289672.7"	1	"HLA-A*01:01"	5	"None"	4	1	150.772	162.762	0.085	0.111	2.136	0	0	0	0.062	"NoExpr"	"False"	"No comments"	"Reject"	0.925187032418953	0.0748129675810474
"chrX-31774141-31774142-T-C"	NA	2	2	NA	2	NA	"DMD"	"T2454A"	5	"EAAISKLEM"	"ENST00000357033.9"	1	"HLA-C*03:03"	2	"None"	6	1	150.939	3092.698	2.166	9.027	102.077	0	0	63	0.092	"NoExpr"	"False"	"No comments"	"Reject"	0.912718204488778	0.087281795511222
"chr19-50860020-50860021-C-T"	NA	NA	NA	4	2	NA	"KLK3"	"T227M"	3	"MSWGSEPCAL"	"ENST00000326003.7"	1	"HLA-C*03:03"	1	"None"	5	2	156.174	883.748	0.849	1.546	0	0	0	0	0.253	"NoExpr"	"False"	"No comments"	"Reject"	0.985037406483791	0.0149625935162095
"chr7-144050848-144050849-G-T"	NA	NA	NA	1	6	1	"OR2A5"	"A150S"	1	"TSWSCGSLL"	"ENST00000641693.1"	NA	"HLA-C*03:03"	4	"None"	6	3	164.66	175.354	2.1	1.47	1.793	0	0	0	0.025	"NoExpr"	"False"	"No comments"	"Reject"	0.955112219451372	0.0448877805486284
"chr16-15837971-15837972-G-A"	NA	NA	NA	NA	1	NA	"MYH11"	"T94M"	4	"MCLNEASVL"	"ENST00000396324.7"	1	"HLA-C*03:03"	1	"None"	1	1	255.91	968.376	2.254	4.148	2.109	0	0	0	0.19	"NoExpr"	"False"	"No comments"	"Reject"	0.980049875311721	0.0199501246882793
"chrX-67546257-67546258-T-A"	NA	NA	2	NA	2	NA	"AR"	"L371Q"	3	"QAGPPPPPP"	"ENST00000374690.9"	1	"HLA-C*03:03"	1	"None"	4	1	315.053	154.484	4.85	2.8	4.401	0	0	2	0.214	"NoExpr"	"False"	"No comments"	"Reject"	0.947630922693267	0.0523690773067332
"chr4-173529176-173529177-T-G"	NA	NA	NA	4	3	NA	"HAND2"	"E38A"	1	"HAENPYFHGW"	"ENST00000359562.4"	1	"HLA-B*57:01"	2	"None"	6	1	391.716	7056.95	0.34	8.2	0.424	0	0	1	0.032	"NoExpr"	"False"	"No comments"	"Reject"	0.955112219451372	0.0448877805486284
"chr20-33379675-33379676-T-A"	NA	1	NA	1	NA	NA	"CDK5RAP1"	"T298S"	3	"SLLGQNVNSFR"	"ENST00000346416.7"	1	"HLA-A*03:02"	1	"None"	2	1	488.01	983.3	0.89	1.5	33.659	0	0	67	0.043	"NoExpr"	"False"	"No comments"	"Reject"	0.952618453865337	0.0473815461346633
"chr8-51409305-51409306-G-C"	NA	1	1	NA	1	NA	"PXDNL"	"S773C"	1	"LPVGCRQPL"	"ENST00000356297.5"	1	"HLA-B*55:01"	5	"None"	2	0	585.1	611.631	0.34	0.15	3.164	0	0	3	0.092	"NoExpr"	"False"	"No comments"	"Reject"	0.947630922693267	0.0523690773067332
"chr5-171311588-171311589-C-T"	NA	NA	1	1	3	NA	"TLX3"	"S289F"	1	"SKVPAVTFL"	"ENST00000296921.6"	1	"HLA-C*03:03"	8	"None"	4	0	697.78	228.25	3.367	1.917	0	0	0	0	0.093	"NoExpr"	"False"	"No comments"	"Reject"	0.957605985037406	0.0423940149625935
"chr4-78477967-78477968-G-A"	1	NA	NA	NA	NA	NA	"FRAS1"	"D2669N"	2	"NTEDEPTLEF"	"ENST00000512123.4"	5	"HLA-A*01:01"	1	"None"	1	0	781.295	1252.889	0.557	0.942	0.675	0	0	0	0.181	"NoExpr"	"False"	"No comments"	"Reject"	0.957605985037406	0.0423940149625935
"chr4-125446353-125446354-A-T"	NA	3	NA	NA	2	NA	"FAT4"	"T717S"	3	"TGQIISSAL"	"ENST00000335110.5"	1	"HLA-C*03:03"	6	"None"	5	0	808.269	743.864	2.511	4.635	3.993	0	0	0	0.071	"NoExpr"	"False"	"No comments"	"Reject"	0.982543640897756	0.0174563591022444
"chr11-4653354-4653355-A-T"	NA	NA	3	NA	1	3	"OR51E1"	"I277F"	1	"RRDSPLPVFL"	"ENST00000396952.6"	NA	"HLA-C*06:02"	9	"None"	7	0	881.091	1415.12	0.451	0.637	0.936	0	0	0	0.206	"NoExpr"	"False"	"No comments"	"Reject"	0.977556109725686	0.0224438902743142
"chrX-124705098-124705099-AG-A"	NA	NA	3	NA	1	2	"TENM1"	"FS310"	2	"RPAFTFNKL"	"ENST00000422452.2"	1	"HLA-B*55:01"	9	"None"	5	0	893.209	1805.83	0.174	0.31	13.277	0	0	19	0.194	"NoExpr"	"False"	"No comments"	"Reject"	0.877805486284289	0.122194513715711
"chr1-161998166-161998167-G-A"	NA	NA	2	NA	1	NA	"OLFML2B"	"P378S"	2	"SALPQSSTS"	"ENST00000294794.8"	1	"HLA-C*03:03"	6	"None"	3	0	993.476	981.883	3.4	2.35	26.457	0	0	33	0.184	"NoExpr"	"False"	"No comments"	"Reject"	0.945137157107232	0.0548628428927681
"chr6-83601423-83601424-G-T"	NA	NA	NA	1	6	NA	"SNAP91"	"L389I"	7	"LAAISSVPS"	"ENST00000520302.5"	1	"HLA-C*03:03"	4	"None"	7	0	1117.465	1811.12	4.75	4.8	0	0	0	0	0.18	"NoExpr"	"False"	"No comments"	"Reject"	0.920199501246883	0.0798004987531172
"chr13-102743074-102743075-C-T"	NA	1	NA	NA	NA	NA	"CCDC168"	"R2541H"	1	"YLRKDHHLGK"	"ENST00000322527.4"	3	"HLA-A*03:02"	6	"None"	1	0	1876.46	2517.98	1.189	1.623	0.165	0	0	0	0.19	"NoExpr"	"False"	"No comments"	"Reject"	1	0
"chr11-1841458-1841459-C-T"	NA	NA	NA	NA	NA	NA	"TNNI2"	"R153W"	0	"QVKKEDTEKEW"	"ENST00000381911.6"	2	"HLA-B*57:01"	11	"None"	0	0	2595.933	26495.533	2.25	48.5	1.224	0	0	4	0.228	"NoExpr"	"False"	"No comments"	"Reject"	0.957605985037406	0.0423940149625935
"chrX-139616410-139616411-C-A"	NA	NA	NA	NA	NA	NA	"MCF2"	"Q354H"	0	"HSKEDAQKAL"	"ENST00000338585.6"	1	"HLA-C*03:03"	1	"None"	0	0	4000.438	5336.79	3.65	7.35	0.532	0	0	1	0.213	"NoExpr"	"False"	"No comments"	"Reject"	0.992518703241895	0.00748129675810474
"chr22-45406502-45406503-AT-A"	NA	NA	NA	NA	NA	NA	"SMC1B"	"FS191"	0	"FNFNKKKI"	"ENST00000404354.3"	1	"HLA-C*06:02"	8	"None"	0	0	4451.111	24514.156	3.9	30	0.074	0	0	0	0.274	"NoExpr"	"False"	"No comments"	"Reject"	0.967581047381546	0.0324189526184539
"chrX-38805096-38805097-G-A"	NA	NA	NA	NA	NA	NA	"MID1IP1"	"D51N"	0	"LADPGLDNN"	"ENST00000336949.7"	1	"HLA-C*03:03"	9	"None"	0	0	4677.286	8357.39	28	35.5	30.743	0	0	65	0.247	"NoExpr"	"False"	"No comments"	"Reject"	0.957605985037406	0.0423940149625935
"chr1-114911562-114911563-A-T"	NA	NA	NA	NA	NA	NA	"SYCP1"	"T504S"	0	"KSELENEKL"	"ENST00000369522.8"	1	"HLA-C*03:03"	2	"None"	0	0	5252.303	7916.803	25.5	28.5	8.682	0	0	0	0.155	"NoExpr"	"False"	"No comments"	"Reject"	0.955112219451372	0.0448877805486284
"chr19-35831314-35831315-C-T"	NA	NA	NA	NA	NA	NA	"NPHS1"	"R1123Q"	0	"EQDTQSSTV"	"ENST00000378910.10"	1	"HLA-C*06:02"	2	"None"	0	0	7543.057	1019.492	12	1.445	0.414	0	0	0	0.157	"NoExpr"	"False"	"No comments"	"Reject"	0.99002493765586	0.00997506234413965
