"ID"	"A*24:02"	"A*31:01"	"B*08:01"	"B*51:01"	"C*07:01"	"C*15:02"	"Gene"	"AA Change"	"Num Passing Transcripts"	"Best Peptide"	"Best Transcript"	"TSL"	"Allele"	"Pos"	"Prob Pos"	"Num Passing Peptides"	"IC50 MT"	"IC50 WT"	"%ile MT"	"%ile WT"	"RNA Expr"	"RNA VAF"	"Allele Expr"	"RNA Depth"	"DNA VAF"	"Tier"	"Ref Match"	"Comments"	"Evaluation"
"chr9-21971124-21971126-TGA-T"	5	23	8	1	3	10	"CDKN2A"	"FS78"	10	"ATHPTRARR"	"ENST00000498124.1"	1	"HLA-A*31:01"	"9-Mar"	"None"	45	16.349	NA	0.316	NA	95.914	0.882	84.596	1046	0.286	"Pass"	TRUE	"Probability of Accept: 0.733"	"Accept"
"chr16-27631127-27631128-C-T"	NA	5	2	NA	NA	2	"KATNIP"	"A125V"	3	"RTVPSKVQR"	"ENST00000261588.10"	1	"HLA-A*31:01"	"3"	"None"	9	12.815	12.085	0.08	0.185	44.567	0.225	10.028	342	0.234	"Pass"	FALSE	"Probability of Accept: 0.823"	"Accept"
"chr20-49270718-49270719-T-C"	1	1	1	NA	1	NA	"ZNFX1"	"T365A"	5	"AAIYLDTHFR"	"ENST00000396105.6"	1	"HLA-A*31:01"	"1"	"None"	3	72.224	134.867	0.475	0.796	91.531	0.188	17.208	674	0.241	"Pass"	FALSE	"Probability of Accept: 0.998"	"Accept"
"chr17-7673805-7673806-C-A"	NA	4	2	NA	1	NA	"TP53"	"V272L"	18	"LGRNSFELR"	"ENST00000269305.9"	1	"HLA-A*31:01"	"8"	"None"	7	95.373	200.462	1.07	1.305	52.232	0.497	25.959	527	0.306	"Pass"	FALSE	"Probability of Accept: 0.975"	"Accept"
"chr5-146062477-146062478-A-T"	2	1	NA	NA	1	1	"SH3RF2"	"Y656F"	2	"NYSPPPTKHF"	"ENST00000359120.9"	1	"HLA-A*24:02"	"10"	"None"	3	316.205	7265.61	0.335	6.75	42.504	0.657	27.925	332	0.25	"Pass"	FALSE	"Probability of Accept: 0.791"	"Accept"
"chr8-123328513-123328514-T-G"	NA	NA	3	NA	NA	1	"ATAD2"	"K1182Q"	2	"TIKKRRQI"	"ENST00000287394.10"	1	"HLA-B*08:01"	"7"	"None"	4	135.238	140.445	0.28	0.575	17.907	0.209	3.743	158	0.174	"Pass"	FALSE	"Probability of Accept: 0.935"	"Accept"
"chr12-25245350-25245351-C-G"	NA	3	NA	NA	1	1	"KRAS"	"G12R"	11	"EYKLVVVGAR"	"ENST00000256078.10"	1	"HLA-A*31:01"	"10"	"None"	5	465.43	30524.03	2.75	50	25.45	0.313	7.966	364	0.277	"Pass"	TRUE	"Probability of Accept: 0.476"	"Review"
"chr3-44659147-44659148-G-A"	NA	3	NA	NA	NA	4	"ZNF35"	"S262N"	1	"NANLVVHQR"	"ENST00000396056.7"	1	"HLA-A*31:01"	"1"	"None"	7	86.15	29.63	1.05	0.275	3.669	0.313	1.148	131	0.333	"Pass"	TRUE	"Probability of Accept: 0.726"	"Accept"
"chr15-39801258-39801259-C-T"	NA	NA	2	NA	2	NA	"GPR176"	"R474Q"	3	"TRNSKKQLL"	"ENST00000561100.2"	1	"HLA-C*07:01"	"7"	"None"	4	38.884	42.67	0.138	0.174	2.598	0.083	0.216	48	0.276	"LowExpr"	FALSE	"Probability of Accept: 0.454"	"Review"
"chr16-15396023-15396024-G-A"	NA	6	NA	NA	NA	NA	"MPV17L"	"A43T"	5	"RLQGRETNWR"	"ENST00000396385.4"	1	"HLA-A*31:01"	"7"	"None"	6	73.275	80.019	0.519	0.675	0.563	0.182	0.102	11	0.235	"LowExpr"	FALSE	"Probability of Accept: 0.202"	"Review"
"chr4-121828409-121828410-C-A"	NA	1	NA	NA	NA	NA	"BBS7"	"A628S"	3	"KVQLIDSLK"	"ENST00000264499.9"	1	"HLA-A*31:01"	"7"	"None"	1	209.457	161.355	1.55	1.275	13.251	0.133	1.762	105	0.121	"Subclonal"	FALSE	"Probability of Accept: 0.83"	"Accept"
"chr7-87219450-87219451-G-A"	1	1	NA	NA	NA	1	"TMEM243"	"P18L"	3	"RLLFGETSAK"	"ENST00000257637.8"	1	"HLA-A*31:01"	"2"	"None"	3	1034.95	4684.95	3.3	7.93	29.996	0.319	9.569	520	0.263	"Poor"	FALSE	"Probability of Accept: 0.566"	"Review"
"chr7-100893793-100893794-C-T"	NA	NA	NA	1	NA	2	"ACHE"	"V147I"	11	"SPTPVLIWI"	"ENST00000302913.8"	1	"HLA-B*51:01"	"7"	"None"	3	1556.908	1458.84	0.275	0.265	36.163	0.381	13.778	223	0.138	"Poor"	TRUE	"Probability of Accept: 0.564"	"Review"
"chr10-96159529-96159530-G-A"	NA	2	2	NA	NA	1	"ZNF518A"	"E1070K"	3	"LSKQQSTKL"	"ENST00000316045.10"	1	"HLA-C*15:02"	"3"	"None"	4	1345.66	1189.85	2.68	1.55	19.869	0.274	5.444	350	0.143	"Poor"	FALSE	"Probability of Accept: 0.444"	"Review"
"chr10-32583256-32583257-A-G"	NA	NA	1	1	NA	1	"CCDC7"	"T560A"	1	"LAQKNEAVI"	"ENST00000639629.1"	5	"HLA-C*15:02"	"7"	"None"	3	1983.883	1597.89	3.25	2.15	62.375	0.102	6.362	361	0.102	"Poor"	FALSE	"Probability of Accept: 0.222"	"Review"
"chr4-168237701-168237702-G-C"	2	2	NA	NA	NA	NA	"DDX60"	"L1420V"	2	"LFSLQFVVK"	"ENST00000393743.8"	1	"HLA-A*31:01"	"7"	"None"	4	1076.585	1929.34	3.67	5.45	24.727	0.135	3.338	303	0.158	"Poor"	FALSE	"Probability of Accept: 0.224"	"Review"
"chr1-183545980-183545981-G-A"	NA	NA	NA	NA	NA	NA	"SMG7"	"A750T"	0	"QQADTSKQL"	"ENST00000507469.5"	1	"HLA-C*15:02"	"5"	"None"	0	4555.305	3827.925	8.33	7.365	51.33	0.268	13.756	265	0.219	"Poor"	FALSE	"Probability of Accept: 0.192"	"Reject"
"chr3-136472416-136472417-G-A"	2	4	NA	NA	NA	NA	"STAG1"	"L401F"	1	"AIRLVTLIFH"	"ENST00000383202.7"	1	"HLA-A*31:01"	"9"	"None"	6	2950.365	4937.825	6.5	10.85	50.871	0.111	5.647	298	0.117	"Poor"	FALSE	"Probability of Accept: 0.202"	"Review"
"chr9-38578074-38578075-A-G"	NA	NA	1	NA	NA	NA	"ANKRD18A"	"L774P"	2	"VPHQELLSM"	"ENST00000399703.6"	1	"HLA-B*08:01"	"2"	"None"	1	2205.013	2112.033	2.45	2.3	5.421	0.68	3.686	50	0.253	"Poor"	FALSE	"Probability of Accept: 0.389"	"Review"
"chrX-129792341-129792342-A-T"	NA	NA	NA	NA	NA	NA	"SASH3"	"S153C"	0	"CCPSPGSGSF"	"ENST00000356892.4"	1	"HLA-A*24:02"	"2"	"1,2"	0	4530.825	4235.35	5.077	4.436	79.54	0.002	0.159	1056	0.282	"Poor"	FALSE	"Probability of Accept: 0.045"	"Reject"
"chr2-96691308-96691309-G-C"	NA	5	2	NA	3	NA	"FER1L5"	"G955R"	2	"VRFRNHREL"	"ENST00000624922.6"	5	"HLA-C*07:01"	"7"	"None"	10	35.554	90.294	0.143	0.35	0.112	0	0	2	0.26	"NoExpr"	FALSE	"Probability of Accept: 0.035"	"Reject"
"chrX-71303887-71303888-G-A"	NA	4	NA	NA	1	NA	"ITGB1BP2"	"G206S"	2	"SRHDWGKQL"	"ENST00000373829.8"	1	"HLA-C*07:01"	"1"	"None"	5	37.704	67.37	0.074	0.128	2.779	0	0	15	0.107	"NoExpr"	FALSE	"Probability of Accept: 0.12"	"Reject"
"chrX-141897483-141897484-G-A"	NA	12	NA	NA	NA	NA	"MAGEC3"	"G576R"	4	"AIRPIQRPAR"	"ENST00000298296.1"	1	"HLA-A*31:01"	"3"	"None"	12	48.251	139.857	0.341	0.89	0	0	0	0	0.252	"NoExpr"	FALSE	"Probability of Accept: 0.017"	"Reject"
"chr15-73703792-73703792-C-CA"	NA	16	4	NA	2	3	"CD276"	"FS289-290"	3	"LLREHPGFR"	"ENST00000318443.10"	2	"HLA-A*31:01"	"9-Jan"	"None"	25	69.78	NA	0.7	NA	81.374	0	0	300	0.248	"NoExpr"	FALSE	"Probability of Accept: 0.057"	"Reject"
"chr13-73063869-73063869-T-TGAG"	NA	4	NA	NA	NA	NA	"KLF5"	"L394LR"	2	"SSHLKAHLRR"	"ENST00000377687.6"	1	"HLA-A*31:01"	"10"	"None"	4	101.776	4820.694	0.885	17.98	168.762	0	0	1624	0.151	"NoExpr"	TRUE	"Probability of Accept: 0.115"	"Reject"
"chr3-38586036-38586037-C-T"	1	6	1	NA	3	2	"SCN5A"	"R814Q"	7	"RSFRLLQVFK"	"ENST00000333535.9"	1	"HLA-A*31:01"	"7"	"None"	11	108.809	46.323	0.467	0.429	0.577	0	0	0	0.086	"NoExpr"	FALSE	"Probability of Accept: 0.025"	"Reject"
"chr6-29462037-29462038-T-C"	2	NA	4	NA	NA	3	"OR2H1"	"I90T"	4	"LWGPKKTTSF"	"ENST00000377132.1"	NA	"HLA-A*24:02"	"8"	"None"	9	240.065	190.05	0.335	0.295	0	0	0	0	0.309	"NoExpr"	FALSE	"Probability of Accept: 0.01"	"Reject"
"chr6-28575386-28575387-T-A"	2	NA	NA	NA	NA	1	"ZBED9"	"R440W"	2	"VLQSDNGWEF"	"ENST00000452236.3"	1	"HLA-A*24:02"	"8"	"None"	3	1222.735	4907.238	1.45	5.027	0.031	0	0	1	0.255	"NoExpr"	FALSE	"Probability of Accept: 0.005"	"Reject"
"chr1-158777522-158777523-G-A"	3	NA	1	NA	NA	1	"OR6N2"	"T38I"	1	"LLLAYLFII"	"ENST00000641131.1"	NA	"HLA-B*08:01"	"8"	"None"	5	1893.765	1143.663	3.99	2.393	0	0	0	0	0.255	"NoExpr"	FALSE	"Probability of Accept: 0.01"	"Reject"
"chr12-41194113-41194114-T-G"	NA	NA	NA	NA	NA	NA	"PDZRN4"	"Y257D"	0	"GTSTEGIDV"	"ENST00000402685.7"	2	"HLA-C*15:02"	"8"	"None"	0	2678.581	201.908	3.479	0.702	1.106	0	0	13	0.257	"NoExpr"	FALSE	"Probability of Accept: 0.007"	"Reject"
"chr4-159035089-159035090-A-T"	NA	NA	NA	NA	NA	NA	"C4orf45"	"S3T"	0	"MATVSYQK"	"ENST00000434826.3"	2	"HLA-A*31:01"	"3"	"None"	0	5668.96	5084.325	12	9.65	0.166	0	0	2	0.113	"NoExpr"	FALSE	"Probability of Accept: 0.005"	"Reject"
"chr19-57942495-57942510-AGTGCAAAATCTGTCT-A"	NA	NA	NA	NA	NA	1	"ZNF256"	"RQILH100-104-"	1	"VLLVEHQGTHH"	"ENST00000282308.4"	1	"HLA-A*31:01"	"3-Feb"	"None"	1	13986.401	32759.106	38	64	7.231	0	0	85	0.153	"NoExpr"	FALSE	"Probability of Accept: 0.077"	"Reject"
