"ID"	"A*01:01"	"A*03:01"	"B*08:01"	"B*57:03"	"C*07:01"	"Gene"	"AA Change"	"Num Passing Transcripts"	"Best Peptide"	"Best Transcript"	"TSL"	"Allele"	"Pos"	"Prob Pos"	"Num Passing Peptides"	"IC50 MT"	"IC50 WT"	"%ile MT"	"%ile WT"	"RNA Expr"	"RNA VAF"	"Allele Expr"	"RNA Depth"	"DNA VAF"	"Tier"	"Ref Match"	"Evaluation"	"Comments"	"Pred_oneVSrest"	"Accept_prob"	"Reject_prob"	"Review_prob"
"chr2-9555571-9555572-C-A"	NA	1	NA	3	NA	"ADAM17"	"V12F"	6	"LTSVFPFVL"	"ENST00000310823.8"	1	"HLA-B*57:03"	"5"	"None"	4	176.05	141.18	0.514	0.406	50.107	0.198	9.921	243	0.124	"Subclonal"	FALSE	"Pending"	"No comments"	"Reject"	0.337617823479006	0.607826456826882	0.452773613193403
"chr19-535887-535888-T-C"	NA	1	1	3	2	"CDC34"	"F77L"	4	"YSPPAFRLL"	"ENST00000215574.9"	1	"HLA-C*07:01"	"8"	"None"	6	276.367	414.712	0.661	1.279	108.291	0.209	22.633	712	0.098	"Subclonal"	FALSE	"Pending"	"No comments"	"Reject"	0.325621251071123	0.603147596767333	0.465267366316842
"chr9-108881727-108881728-T-C"	NA	2	NA	NA	NA	"ELP1"	"N1108S"	13	"RLDIIETSVK"	"ENST00000374647.10"	1	"HLA-A*03:01"	"8"	"None"	2	115.295	266.763	0.655	0.893	27.325	0.162	4.427	148	0.143	"Subclonal"	FALSE	"Pending"	"No comments"	"Reject"	0.308483290488432	0.629944704381114	0.474262868565717
"chr14-21492895-21492914-GCAGCAGCTGCTGCTGCTGC-G"	4	6	22	10	5	"TOX4"	"FS427-433"	3	"RSVLQAVLL"	"ENST00000448790.7"	1	"HLA-B*57:03"	"9-Jul"	"None"	42	214.64	10663.75	0.286	11	105.038	0.011	1.155	372	0.109	"Subclonal"	FALSE	"Pending"	"No comments"	"Reject"	0.311053984575835	0.602296894938324	0.532733633183408
"chr20-63530151-63530152-G-A"	NA	3	2	3	NA	"PTK6"	"S365F"	1	"ALSRGHYFTK"	"ENST00000542869.3"	1	"HLA-A*03:01"	"8"	"None"	7	28.669	32.525	0.185	0.175	49.881	0.01	0.499	402	0.05	"Poor"	FALSE	"Pending"	"No comments"	"Reject"	0.333618966009712	0.611229264142918	0.43528235882059
"chr19-10683411-10683412-A-C"	NA	2	NA	1	NA	"ILF3"	"K578T"	7	"KTVAKAYAAL"	"ENST00000449870.5"	1	"HLA-B*57:03"	"2"	"None"	3	662.21	20292.2	1.369	22.192	153.999	0.193	29.722	685	0.132	"Poor"	FALSE	"Pending"	"No comments"	"Reject"	0.287060839760069	0.631646108039132	0.52023988005997
"chr4-83094696-83094697-C-T"	NA	NA	1	NA	1	"PLAC8"	"R113H"	5	"NRRRAMHTF"	"ENST00000311507.9"	1	"HLA-C*07:01"	"7"	"None"	2	572.45	511.075	0.956	0.795	78.757	0.128	10.081	812	0.162	"Poor"	FALSE	"Pending"	"No comments"	"Reject"	0.319622964867181	0.619736282433007	0.463268365817091
"chr12-25245349-25245350-C-T"	NA	2	NA	NA	NA	"KRAS"	"G12D"	11	"VVVGADGVGK"	"ENST00000256078.10"	1	"HLA-A*03:01"	"6"	"None"	2	764.565	385.03	1.75	0.79	28.609	0.46	13.16	252	0.257	"Poor"	FALSE	"Pending"	"No comments"	"Reject"	0.387317909168809	0.574649085495534	0.47776111944028
"chr2-55334563-55334564-G-A"	1	NA	2	1	1	"CCDC88A"	"R753C"	15	"KTECLEVSY"	"ENST00000336838.10"	1	"HLA-A*01:01"	"4"	"4"	3	224.407	254.096	0.23	0.155	21.141	0.042	0.888	95	0.126	"Poor"	FALSE	"Pending"	"No comments"	"Reject"	0.317623536132534	0.630370055295619	0.426286856571714
"chr2-80419563-80419564-C-T"	NA	1	1	NA	NA	"CTNNA2"	"A418V"	9	"VQVFREHANK"	"ENST00000402739.9"	1	"HLA-A*03:01"	"1"	"None"	2	581.213	232.761	2.05	1.25	6.726	0.286	1.924	35	0.119	"Poor"	FALSE	"Pending"	"No comments"	"Reject"	0.30876892316481	0.63717566992769	0.474762618690655
"chr1-181732859-181732860-G-A"	NA	NA	1	NA	4	"CACNA1E"	"R925H"	7	"QRRSRHRHV"	"ENST00000367573.7"	1	"HLA-C*07:01"	"8"	"None"	4	519.549	673.657	1	1.3	0.735	0.364	0.268	11	0.302	"Poor"	FALSE	"Pending"	"No comments"	"Reject"	0.301913738931734	0.639727775414717	0.446776611694153
"chr2-144007295-144007296-T-G"	NA	1	NA	NA	NA	"GTDC1"	"N254T"	10	"TSSSHHGENK"	"ENST00000409214.5"	1	"HLA-A*03:01"	"1"	"None"	1	643.701	2009.35	2.267	4.05	17.376	0.041	0.712	97	0.051	"Poor"	TRUE	"Pending"	"No comments"	"Reject"	0.271636675235647	0.647384091875797	0.516741629185407
"chr6-44230852-44230853-G-A"	NA	1	NA	NA	NA	"SLC29A1"	"G244R"	8	"KLEGPREQETK"	"ENST00000371708.1"	1	"HLA-A*03:01"	"6"	"None"	1	2341.29	2971.34	2.5	2.05	91.248	0.115	10.494	426	0.131	"Poor"	FALSE	"Pending"	"No comments"	"Reject"	0.273064838617538	0.632496809868141	0.508745627186407
"chr19-8956758-8956759-A-G"	NA	1	1	NA	NA	"MUC16"	"S6671P"	1	"VPTEKSAVL"	"ENST00000397910.8"	5	"HLA-B*08:01"	"2"	"None"	2	1357.592	5937.653	2.2	8.38	22.506	0.263	5.919	99	0.157	"Poor"	FALSE	"Pending"	"No comments"	"Reject"	0.300485575549843	0.622288387920034	0.516741629185407
"chr17-7673775-7673776-G-A"	NA	NA	NA	1	NA	"TP53"	"R282W"	18	"WRTEEENLR"	"ENST00000269305.9"	1	"HLA-C*07:01"	"1"	"None"	1	4161.351	3065.531	2.495	2.6	67.009	0.557	37.324	352	0.287	"Poor"	FALSE	"Pending"	"No comments"	"Reject"	0.356755212796344	0.596767333049766	0.498250874562719
"chr7-77696562-77696563-T-C"	NA	NA	NA	NA	NA	"RSBN1L"	"S32P"	0	"LPSRDPPGSL"	"ENST00000334955.13"	1	"HLA-B*08:01"	"2"	"None"	0	3268.241	12773.04	2.45	14.5	30.789	0.397	12.223	184	0.213	"Poor"	FALSE	"Pending"	"No comments"	"Reject"	0.275635532704941	0.638026371756699	0.511744127936032
"chr15-40218482-40218483-G-A"	1	3	NA	2	NA	"BUB1B"	"A960T"	2	"IADLTHLLLF"	"ENST00000287598.11"	1	"HLA-B*57:03"	"5"	"None"	5	751.05	743.9	0.675	0.599	11.071	0.037	0.41	27	0.138	"Poor"	FALSE	"Pending"	"No comments"	"Reject"	0.33390459868609	0.604849000425351	0.464767616191904
"chr16-3966505-3966506-C-T"	NA	1	2	2	NA	"ADCY9"	"G1111R"	1	"KTIRATYM"	"ENST00000294016.8"	1	"HLA-B*57:03"	"4"	"None"	5	1003.294	1735.651	1.5	1.9	25.859	0.025	0.646	79	0.101	"Poor"	FALSE	"Pending"	"No comments"	"Reject"	0.287917737789203	0.624840493407061	0.499750124937531
"chr5-141403222-141403223-G-A"	NA	2	NA	NA	1	"PCDHGA9"	"D91N"	2	"LVTAGRINR"	"ENST00000573521.2"	1	"HLA-A*03:01"	"8"	"None"	3	2167.949	5891.16	3.9	7.55	6.542	0.6	3.925	45	0.257	"Poor"	FALSE	"Pending"	"No comments"	"Reject"	0.273636103970294	0.647809442790302	0.527236381809095
"chr7-6692357-6692358-T-C"	NA	NA	NA	NA	NA	"ZNF12"	"N195S"	0	"QSGEPYTL"	"ENST00000405858.6"	1	"HLA-B*57:03"	"2"	"None"	0	3380.076	34752.56	4	26	28.494	0.237	6.753	198	0.195	"Poor"	FALSE	"Pending"	"No comments"	"Reject"	0.268494715795487	0.635899617184177	0.517241379310345
"chr9-33328602-33328603-G-C"	NA	NA	NA	NA	NA	"NFX1"	"K643N"	0	"FIHTCENL"	"ENST00000379540.8"	1	"HLA-B*08:01"	"7"	"5"	0	5076.595	4000.11	6.8	5.115	49.731	0.187	9.3	209	0.25	"Poor"	FALSE	"Pending"	"No comments"	"Reject"	0.245644101685233	0.664398128455976	0.500749625187406
"chr17-45271067-45271068-A-G"	NA	3	NA	NA	2	"MAP3K14"	"L604P"	4	"HPWTQFFRGPP"	"ENST00000344686.8"	1	"HLA-B*08:01"	"11"	"None"	5	17394.891	1730.39	22.338	3.172	14.718	0.13	1.913	92	0.12	"Poor"	FALSE	"Pending"	"No comments"	"Reject"	0.277063696086832	0.630795406210123	0.510244877561219
"chr10-15592243-15592244-A-C"	NA	NA	NA	2	NA	"ITGA8"	"F758V"	1	"MSINVDLQI"	"ENST00000378076.4"	1	"HLA-B*57:03"	"5"	"None"	2	52.646	54.558	0.25	0.3	4.302	0	0	39	0.074	"NoExpr"	FALSE	"Pending"	"No comments"	"Reject"	0.323621822336475	0.595916631220757	0.442278860569715
"chr8-21693318-21693319-A-C"	NA	2	NA	4	2	"GFRA2"	"L452V"	4	"VTVLSVLMLK"	"ENST00000524240.6"	1	"HLA-A*03:01"	"1"	"None"	8	53.55	57.905	0.34	0.395	3.872	0	0	11	0.053	"NoExpr"	FALSE	"Pending"	"No comments"	"Reject"	0.293344758640388	0.619310931518503	0.454272863568216
"chr16-51138706-51138707-G-A"	NA	5	NA	3	NA	"SALL1"	"T1172M"	5	"RAFMTKGNLK"	"ENST00000251020.9"	1	"HLA-A*03:01"	"4"	"None"	8	68.049	81.435	0.27	0.275	1.694	0	0	6	0.095	"NoExpr"	FALSE	"Pending"	"No comments"	"Reject"	0.307340759782919	0.60187154402382	0.466766616691654
"chr12-128544000-128544001-G-A"	NA	2	NA	3	NA	"TMEM132C"	"R340H"	1	"LSAQTHEPRQW"	"ENST00000435159.3"	5	"HLA-B*57:03"	"6"	"None"	5	81.83	117.66	0.136	0.234	0.572	0	0	0	0.116	"NoExpr"	FALSE	"Pending"	"No comments"	"Reject"	0.314481576692374	0.599319438536793	0.455272363818091
"chr3-44400555-44400556-A-C"	NA	3	7	NA	6	"TCAIM"	"S363R"	2	"RILFHPRRLR"	"ENST00000342649.9"	1	"HLA-A*03:01"	"8"	"None"	15	101.095	43.965	0.4	0.214	19.523	0	0	79	0.063	"NoExpr"	FALSE	"Pending"	"No comments"	"Reject"	0.29934304484433	0.609953211399405	0.456271864067966
"chr3-59046228-59046229-G-A"	NA	1	4	2	NA	"CFAP20DC"	"L69F"	3	"QSFGLIQRF"	"ENST00000482387.7"	5	"HLA-B*57:03"	"3"	"None"	7	124.76	163.23	0.11	0.067	0.844	0	0	8	0.218	"NoExpr"	FALSE	"Pending"	"No comments"	"Reject"	0.316195372750643	0.606975754997873	0.44527736131934
"chr8-130847437-130847439-CAG-C"	2	3	3	6	1	"ADCY8"	"FS829-830"	1	"AVFTDMLLPR"	"ENST00000286355.10"	1	"HLA-A*03:01"	"10-Jun"	"None"	14	195.048	6640.585	0.515	13.353	0.04	0	0	0	0.138	"NoExpr"	FALSE	"Pending"	"No comments"	"Reject"	0.281348186232505	0.585282858358145	0.573213393303348
"chr1-110604564-110604565-C-T"	3	NA	NA	NA	1	"KCNA2"	"R73Q"	7	"YFDPLQNEY"	"ENST00000369770.7"	1	"HLA-A*01:01"	"6"	"None"	4	213.282	533.148	0.14	0.24	1.52	0	0	12	0.117	"NoExpr"	FALSE	"Pending"	"No comments"	"Reject"	0.314195944015995	0.60187154402382	0.463268365817091
"chr8-3029393-3029394-A-C"	NA	NA	NA	3	1	"CSMD1"	"L2012V"	6	"YYVEGWRLL"	"ENST00000335551.11"	1	"HLA-C*07:01"	"3"	"None"	4	221.134	239.371	0.625	0.714	0.348	0	0	4	0.095	"NoExpr"	FALSE	"Pending"	"No comments"	"Reject"	0.300771208226221	0.601446193109315	0.476761619190405
"chrX-148967663-148967664-A-C"	NA	3	1	NA	1	"AFF2"	"K1045T"	4	"YYMQEATKL"	"ENST00000342251.7"	1	"HLA-C*07:01"	"7"	"None"	5	426.78	506.671	0.743	1.05	5.5	0	0	0	0.121	"NoExpr"	FALSE	"Pending"	"No comments"	"Reject"	0.295058554698658	0.603572947681838	0.492753623188406
"chr5-140828367-140828368-G-A"	NA	3	1	NA	2	"PCDHA6"	"E93K"	3	"FVNSRIDRK"	"ENST00000529310.6"	1	"HLA-A*03:01"	"9"	"None"	6	554.72	30906.895	1.5	46.5	2.266	0	0	8	0.116	"NoExpr"	FALSE	"Pending"	"No comments"	"Reject"	0.268780348471865	0.616758826031476	0.520739630184908
"chr11-49952819-49952820-T-C"	NA	2	6	2	NA	"OR4C13"	"V133A"	1	"PLHYTTTMK"	"ENST00000555099.1"	NA	"HLA-A*03:01"	"7"	"None"	9	602.375	451.057	1.6	1.4	0	0	0	0	0.223	"NoExpr"	TRUE	"Pending"	"No comments"	"Reject"	0.265638389031705	0.621437686091025	0.51624187906047
"chr1-228414969-228414970-A-C"	NA	NA	NA	2	NA	"TRIM17"	"F35V"	8	"VCRACIQLSW"	"ENST00000295033.7"	1	"HLA-B*57:03"	"1"	"2,5"	2	616.71	972.15	1.199	1.106	0.692	0	0	36	0.073	"NoExpr"	FALSE	"Pending"	"No comments"	"Reject"	0.251071122536418	0.653764355593365	0.466266866566717
"chr11-92801262-92801263-T-A"	NA	3	NA	NA	NA	"FAT3"	"N2750K"	2	"TVNGERPEK"	"ENST00000525166.6"	5	"HLA-A*03:01"	"9"	"None"	3	775.509	33172.785	2.05	56	10.207	0	0	20	0.148	"NoExpr"	FALSE	"Pending"	"No comments"	"Reject"	0.265352756355327	0.61335601871544	0.526736631684158
"chr19-51078855-51078856-C-A"	NA	NA	NA	1	NA	"KLK14"	"V188F"	3	"RTITPGMF"	"ENST00000156499.7"	1	"HLA-B*57:03"	"8"	"None"	1	819.146	9051.519	0.78	6.5	0.289	0	0	2	0.12	"NoExpr"	FALSE	"Pending"	"No comments"	"Reject"	0.269637246501	0.620161633347512	0.529235382308846
"chr1-247815133-247815134-A-G"	NA	NA	NA	1	NA	"OR14A16"	"L199P"	1	"IALIPINVVL"	"ENST00000641093.1"	NA	"HLA-B*57:03"	"5"	"None"	1	1170.651	2822.504	1.53	4.69	0	0	0	0	0.082	"NoExpr"	FALSE	"Pending"	"No comments"	"Reject"	0.261925164238789	0.608251807741387	0.557721139430285
"chr8-76853255-76853256-T-G"	NA	1	NA	2	1	"ZFHX4"	"L2086R"	2	"ALSADLTQR"	"ENST00000518282.5"	5	"HLA-A*03:01"	"9"	"None"	4	1209.713	11686.723	2.35	13.5	8.262	0	0	3	0.065	"NoExpr"	FALSE	"Pending"	"No comments"	"Reject"	0.262210796915167	0.61718417694598	0.521239380309845
"chr1-52842925-52842926-G-A"	NA	2	NA	NA	NA	"ZYG11A"	"V15I"	1	"NIIPPDAQK"	"ENST00000371528.2"	5	"HLA-A*03:01"	"3"	"None"	2	2093.65	3088.558	4.15	5.2	0.122	0	0	0	0.122	"NoExpr"	FALSE	"Pending"	"No comments"	"Reject"	0.262782062267923	0.602722245852829	0.535232383808096
"chr6-22287475-22287476-G-A"	NA	1	NA	NA	NA	"PRL"	"R205C"	3	"LLHCLCRDSHK"	"ENST00000617911.4"	1	"HLA-A*03:01"	"6"	"4,6"	1	2149.573	1854.616	4.5	3.85	0	0	0	0	0.224	"NoExpr"	FALSE	"Pending"	"No comments"	"Reject"	0.236789488717509	0.640153126329222	0.514742628685657
"chr5-90635277-90635278-T-G"	NA	NA	NA	NA	NA	"ADGRV1"	"F668L"	0	"LAAEVVYIPL"	"ENST00000405460.9"	1	"HLA-B*57:03"	"1"	"None"	0	2664.091	2314.528	3.8	3	1.033	0	0	2	0.144	"NoExpr"	FALSE	"Pending"	"No comments"	"Reject"	0.243644672950586	0.63717566992769	0.530234882558721
"chrX-120159331-120159332-G-A"	NA	NA	NA	NA	NA	"RHOXF2"	"A133T"	0	"NTQQPNVHAF"	"ENST00000371388.5"	1	"HLA-B*57:03"	"2"	"None"	0	3104.51	4242.334	2.1	2.62	0	0	0	2	0.05	"NoExpr"	FALSE	"Pending"	"No comments"	"Reject"	0.247357897743502	0.620586984262016	0.526736631684158
"chr2-178751750-178751751-C-T"	NA	NA	NA	NA	NA	"TTN"	"R3550Q"	0	"IPTGLRQIIK"	"ENST00000360870.10"	5	"HLA-A*03:01"	"7"	"None"	0	3913.77	4173.01	6.802	6.264	2.933	0	0	2	0.11	"NoExpr"	FALSE	"Pending"	"No comments"	"Reject"	0.261068266209654	0.62186303700553	0.529235382308846
"chr6-117270740-117270741-C-T"	NA	NA	NA	NA	NA	"VGLL2"	"A197V"	0	"ATEPWHHVH"	"ENST00000326274.6"	1	"HLA-A*01:01"	"8"	"None"	0	4424.078	3688.722	1.4	0.96	0.019	0	0	0	0.133	"NoExpr"	FALSE	"Pending"	"No comments"	"Reject"	0.277634961439589	0.590812420246704	0.540229885057471
"chr2-27083329-27083330-G-A"	NA	NA	NA	NA	NA	"EMILIN1"	"G587R"	0	"RVQEELGRLR"	"ENST00000380320.9"	1	"HLA-A*03:01"	"1"	"None"	0	4700.509	12316.52	2.55	7.075	48.798	0	0	297	0.13	"NoExpr"	FALSE	"Pending"	"No comments"	"Reject"	0.26649528706084	0.61335601871544	0.530734632683658
"chr9-133071533-133071534-GC-G"	NA	1	NA	NA	NA	"CEL"	"FS678"	1	"RPRVTPAPP"	"ENST00000372080.8"	5	"HLA-B*08:01"	"9-Jan"	"None"	1	8627.917	NA	8.75	NA	1.418	0	0	0	0.173	"NoExpr"	FALSE	"Pending"	"No comments"	"Reject"	0.262496429591545	0.58953636750319	0.569715142428786
"chr2-140352987-140352988-T-G"	NA	NA	NA	2	NA	"LRP1B"	"N3872T"	2	"QTFQERNNT"	"ENST00000389484.8"	1	"HLA-B*57:03"	"2"	"None"	2	22972.24	41327.14	20	65	0.297	0	0	0	0.06	"NoExpr"	FALSE	"Pending"	"No comments"	"Reject"	0.259354470151385	0.599319438536793	0.538730634682659
