ID	A*01:01	A*24:02	B*13:02	B*27:05	C*01:02	C*06:02	Gene	AA Change	Num Passing Transcripts	Best Peptide	Best Transcript	TSL	Allele	Pos	Prob Pos	Num Passing Peptides	IC50 MT	IC50 WT	%ile MT	%ile WT	RNA Expr	RNA VAF	Allele Expr	RNA Depth	DNA VAF	Tier	Ref Match	Comments	Evaluation
chr7-55201296-55201297-C-T		2.0					EGFR	P1019L	3	EYLILQQGFF	ENST00000275493.7	1.0	HLA-A*24:02	5		2	210.197	351.38	0.388	0.415	2810.565	0.308	865.654	2071	0.838	Pass	False	Probability of Accept: 0.792	Accept
chr5-90753801-90753802-G-C		2.0		6.0			ADGRV1	V3784L	2	WRAASLFIRV	ENST00000405460.9	1.0	HLA-B*27:05	6		8	97.495	103.8	0.465	0.745	22.689	0.4	9.076	30	0.392	Pass	False	Probability of Accept: 0.931	Accept
chr1-1341750-1341751-G-A				5.0	2.0	3.0	DVL1	P174L	2	RRRDVGLL	ENST00000378891.9	1.0	HLA-B*27:05	8		8	262.942	1596.57	0.595	2.7	48.781	0.553	26.976	226	0.365	Pass	False	Probability of Accept: 0.832	Accept
chr16-81270387-81270388-G-T	1.0		1.0	7.0		5.0	BCO1	R358M	1	LRMFAVPLH	ENST00000258168.7	1.0	HLA-B*27:05	3		9	119.492	629.864	0.4	1.681	2.521	0.75	1.891	4	0.385	Pass	False	Probability of Accept: 0.921	Accept
chr9-132376143-132376144-G-A		3.0	1.0		2.0	1.0	TTF1	T830M	2	YLYEMTLPL	ENST00000334270.3	1.0	HLA-C*01:02	5		4	173.56	113.71	0.18	0.1	12.823	0.433	5.552	67	0.457	Pass	False	Probability of Accept: 0.881	Accept
chr8-22221815-22221816-C-T	2.0						PHYHIP	G177D	3	TSDMLHGVF	ENST00000321613.7	1.0	HLA-A*01:01	3		2	301.719	7822.029	0.31	4.15	3.749	0.231	0.866	13	0.455	LowExpr	False	Probability of Accept: 0.644	Accept
chr2-219557348-219557349-C-T	1.0			2.0		2.0	OBSL1	V1354M	2	VSMEEPLLV	ENST00000404537.6	1.0	HLA-C*06:02	3		3	646.728	2781.921	0.625	2.55	187.674	0.381	71.504	63	0.571	Poor	False	Probability of Accept: 0.901	Accept
chr1-1339399-1339400-G-A	1.0	2.0			1.0		DVL1	S365F	4	AAWLFHTAAL	ENST00000378891.9	1.0	HLA-C*01:02	5		4	1219.04	853.22	2.56	1.223	48.781	0.335	16.342	227	0.458	Poor	False	Probability of Accept: 0.564	Review
chr7-55142318-55142319-T-G		1.0					EGFR	L41W	6	QWGTFEDHF	ENST00000275493.7	1.0	HLA-A*24:02	2		1	1524.918	12119.246	1.058	9.05	2810.565	0.956	2686.9	8252	0.929	Poor	False	Probability of Accept: 0.614	Accept
chr12-6548833-6548834-G-A			1.0	1.0			IFFO1	P366S	1	KLSLHLSSI	ENST00000619571.5	2.0	HLA-B*13:02	8		2	1474.36	1893.96	0.353	0.906	48.646	0.616	29.966	73	0.441	Poor	False	Probability of Accept: 0.604	Accept
chr12-2817234-2817235-G-A							ITFG2	V37M	0	MVGDTSGKV	ENST00000228799.7	1.0	HLA-C*06:02	1		0	5781.898	10346.737	7.989	9.85	33.282	0.49	16.308	49	0.362	Poor	False	Probability of Accept: 0.267	Review
chr2-74536796-74536797-GC-G				1.0			LOXL3	FS275	4	ARCPGGALQW	ENST00000264094.8	1.0	HLA-B*27:05	10-Jul		1	2373.094	2416.17	2.885	2.985	36.017	0.021	0.756	47	0.065	Poor	False	Probability of Accept: 0.248	Review
chr7-101002443-101002444-G-A							MUC12	V4104I	0	LSPATTTSSGI	ENST00000379442.7	5.0	HLA-C*01:02	11		0	5441.03	6062.767	2.506	3.825	8.386	0.667	5.593	3	0.059	Poor	False	Probability of Accept: 0.277	Review
chr12-21848158-21848159-C-T							ABCC9	E953K	0	SREAKAQMEDK	ENST00000261200.9	5.0	HLA-B*27:05	11		0	9153.228	25291.103	6.8	27.92	11.889	0.478	5.683	23	0.273	Poor	True	Probability of Accept: 0.317	Review
chr18-10691246-10691247-C-T		10.0			2.0	2.0	PIEZO2	V2330I	5	SYNYINLFLF	ENST00000503781.7	1.0	HLA-A*24:02	5		12	16.7	19.489	0.059	0.058	2.484	0.0	0.0	7	0.467	NoExpr	False	Probability of Accept: 0.109	Reject
chr11-57476516-57476517-AC-A				18.0	1.0	5.0	RTN4RL2	FS290	1	RRVRPRHPR	ENST00000335099.8	1.0	HLA-B*27:05	9-Jan		22	36.847		0.157		1.413	0.0	0.0	11	0.076	NoExpr	False	Probability of Accept: 0.069	Reject
chr17-43783202-43783203-G-A				2.0		3.0	CFAP97D1	R113H	1	NRETRNHEL	ENST00000449302.8	1.0	HLA-C*06:02	7		3	334.545	236.549	0.585	0.385	0.351	0.0	0.0	0	0.458	NoExpr	False	Probability of Accept: 0.079	Reject
chrX-153694355-153694356-G-A	2.0	4.0				1.0	SLC6A8	V469I	4	VTDGGMYIF	ENST00000253122.10	1.0	HLA-A*01:01	8		7	402.233	390.283	0.265	0.265	98.702	0.0	0.0	334	0.558	NoExpr	True	Probability of Accept: 0.059	Reject
chr11-123939725-123939726-T-C		4.0			1.0	2.0	OR4D5	M37T	1	VYFTTVVGNL	ENST00000307033.3		HLA-A*24:02	4		6	411.836	267.4	0.445	0.495	0.0	0.0	0.0	0	0.497	NoExpr	False	Probability of Accept: 0.079	Reject
chr20-45207861-45207862-G-A				2.0		1.0	SEMG1	G189R	1	GRSQSSYVL	ENST00000372781.4	1.0	HLA-B*27:05	2		2	561.826	29307.135	1.25	34.415	0.0	0.0	0.0	0	0.524	NoExpr	False	Probability of Accept: 0.04	Reject
chr18-46579721-46579722-C-T	2.0	1.0					LOXHD1	V573I	3	IYLCLFGDV	ENST00000536736.5	5.0	HLA-A*24:02	1		3	687.662	1004.045	1.2	1.55	0.084	0.0	0.0	0	0.48	NoExpr	False	Probability of Accept: 0.0	Reject
chr9-16436706-16436707-C-T				2.0			BNC2	R322H	5	NRHSANPNPHL	ENST00000545497.5	1.0	HLA-B*27:05	10		2	1185.21	1003.15	1.483	1.35	1.849	0.0	0.0	2	0.857	NoExpr	False	Probability of Accept: 0.01	Reject
chr4-10542031-10542032-G-T					1.0	1.0	CLNK	P161T	2	LTPPRPLITL	ENST00000226951.11	1.0	HLA-C*01:02	2		2	1220.88	2087.63	0.085	0.576	0.367	0.0	0.0	1	0.514	NoExpr	False	Probability of Accept: 0.01	Reject
chr19-53982483-53982484-T-C	2.0				2.0	1.0	CACNG8	S305P	1	FASTDIPMY	ENST00000270458.4	1.0	HLA-A*01:01	7		3	1229.34	649.743	0.75	0.525	6.14	0.0	0.0	32	0.055	NoExpr	False	Probability of Accept: 0.04	Reject
chr13-45713395-45713396-G-A		1.0					CBY2	S124N	4	VQLNDEMFVF	ENST00000310521.6	1.0	HLA-A*24:02	4		1	1241.07	1008.431	1.5	1.3	0.0	0.0	0.0	0	0.414	NoExpr	False	Probability of Accept: 0.01	Reject
chr19-22088090-22088091-G-T			1.0				ZNF257	R38I	2	CEHENLQLI	ENST00000597927.1	2.0	HLA-B*13:02	9		1	1281.74	32108.66	0.56	26.0	1.053	0.0	0.0	0	0.126	NoExpr	False	Probability of Accept: 0.089	Reject
chr20-609893-609894-C-T	2.0			2.0			TCF15	R115H	1	RKLSKIETLHL	ENST00000246080.4	1.0	HLA-B*27:05	10		4	1486.905	1480.459	2.665	1.9	0.176	0.0	0.0	2	0.435	NoExpr	False	Probability of Accept: 0.069	Reject
chr4-103591595-103591596-G-C		1.0					TACR3	Q326E	1	IYEQLNRW	ENST00000304883.3	1.0	HLA-A*24:02	3		1	1572.836	1316.305	1.639	0.83	0.007	0.0	0.0	0	0.447	NoExpr	False	Probability of Accept: 0.0	Reject
chr16-31297551-31297552-C-T				1.0			ITGAM	R118C	1	LRGLPLLRGC	ENST00000567031.1	1.0	HLA-B*27:05	10		1	1966.737	261.14	4.2	1.006	11.68	0.0	0.0	33	0.393	NoExpr	False	Probability of Accept: 0.02	Reject
chr17-12896416-12896417-G-A							ARHGAP44	R35H	0	LQVEKHLEL	ENST00000379672.10	1.0	HLA-B*13:02	6		0	2792.6	4018.926	0.34	0.6	0.619	0.0	0.0	2	0.479	NoExpr	False	Probability of Accept: 0.04	Reject
chr1-173952088-173952089-T-A							RC3H1	Y807F	0	KYKGNDFSQY	ENST00000258349.8	1.0	HLA-A*24:02	7		0	3225.416	3704.753	2.45	2.75	29.935	0.0	0.0	195	0.029	NoExpr	False	Probability of Accept: 0.02	Reject
chr4-99650470-99650471-C-T							C4orf54	S1393N	0	PLPNNRNVF	ENST00000511828.2	1.0	HLA-A*24:02	4		0	4185.671	3779.677	3.15	2.85	0.011	0.0	0.0	0	0.434	NoExpr	False	Probability of Accept: 0.0	Reject
chrX-38076670-38076671-G-A							SYTL5	R220Q	0	GQHFQSLKS	ENST00000456733.2	1.0	HLA-B*27:05	5		0	6134.126	4994.24	9.5	7.7	0.151	0.0	0.0	0	0.404	NoExpr	False	Probability of Accept: 0.05	Reject
