ID	A*02:01	A*03:01	B*07:02	B*35:01	C*04:01	C*07:02	Gene	AA Change	Num Passing Transcripts	Best Peptide	Best Transcript	TSL	Allele	Pos	Prob Pos	Num Passing Peptides	IC50 MT	IC50 WT	%ile MT	%ile WT	RNA Expr	RNA VAF	Allele Expr	RNA Depth	DNA VAF	Tier	Ref Match	Comments	Evaluation
chr4-6967370-6967371-G-A	1.0	1.0					TBC1D14	G264R	3	KLFRKAPLR	ENST00000409757.9	1	HLA-A*03:01	4		2	46.167	52.611	0.162	0.12	108.72	0.161	17.504	671	0.045	Pass	False	Probability of Accept: 0.891	Accept
chr19-45872339-45872340-C-A		3.0	2.0	1.0		1.0	FOXA3	P112H	2	MPKGYRRHL	ENST00000302177.3	1	HLA-B*07:02	8		6	23.717	4.863	0.16	0.025	20.009	0.239	4.782	427	0.048	Pass	False	Probability of Accept: 0.723	Accept
chr13-20974997-20974998-C-A				1.0	2.0	7.0	LATS2	D1047Y	1	FFYDNGYPF	ENST00000382592.5	1	HLA-B*35:01	3		7	28.021	56.353	0.348	0.522	15.272	0.105	1.604	219	0.044	Pass	False	Probability of Accept: 0.772	Accept
chr13-113801788-113801789-G-A	9.0	3.0		1.0			TMEM255B	V216I	1	ITAAILGAFK	ENST00000375353.5	1	HLA-A*03:01	5		13	33.316	27.3	0.254	0.2	24.8	0.046	1.141	109	0.05	Pass	False	Probability of Accept: 0.772	Accept
chr18-5291032-5291033-C-T	1.0			1.0			ZBTB14	G392D	5	FVCDSCTKAF	ENST00000357006.8	1	HLA-B*35:01	4	3,6	2	345.423	532.922	0.59	0.993	32.868	0.236	7.757	420	0.052	Pass	True	Probability of Accept: 0.198	Reject
chr3-151411389-151411390-C-T	5.0		4.0	1.0		1.0	MED12L	P1973L	2	YLAAHSNPV	ENST00000474524.5	1	HLA-A*02:01	2		9	6.149	3710.245	0.127	7.3	2.817	0.278	0.783	18	0.042	LowExpr	False	Probability of Accept: 0.604	Accept
chr19-55304572-55304573-C-T	1.0		2.0				BRSK1	P473L	3	SPRSPVFSFSL	ENST00000590333.5	1	HLA-B*07:02	11		3	49.332	641.925	0.16	1.216	8.388	0.108	0.906	37	0.054	LowExpr	False	Probability of Accept: 0.772	Accept
chrX-49226662-49226663-C-T		1.0				2.0	CACNA1F	R450H	3	RRRGHLRWF	ENST00000376265.2	1	HLA-C*07:02	5		3	103.771	156.93	0.32	0.48	1.129	0.286	0.323	7	0.078	LowExpr	False	Probability of Accept: 0.406	Review
chr10-77011969-77011970-G-A	3.0	4.0	1.0			4.0	KCNMA1	R697W	42	WPKMSIYKRM	ENST00000286628.14	1	HLA-B*07:02	1		12	438.635	66.839	1.335	0.33	22.065	0.011	0.243	182	0.061	LowExpr	False	Probability of Accept: 0.188	Reject
chr14-64126711-64126712-G-T	6.0					2.0	SYNE2	D4608Y	5	LLLECFYNL	ENST00000555002.6	1	HLA-A*02:01	7	5	8	5.092	17.904	0.178	0.44	212.219	0.08	16.978	1189	0.031	Subclonal	False	Probability of Accept: 0.238	Review
chr12-25245349-25245350-C-T	1.0	2.0					KRAS	G12D	11	KLVVVGADGV	ENST00000256078.10	1	HLA-A*02:01	8		3	307.08	355.644	2.7	2.75	11.788	0.246	2.9	415	0.037	Subclonal	False	Probability of Accept: 0.624	Accept
chr9-114093919-114093920-G-A	1.0						KIF12	R456C	1	AQNEQCILA	ENST00000640217.2	5	HLA-A*02:01	6	6	1	1368.713	4251.196	6.35	12.5	139.031	0.123	17.101	1451	0.048	Poor	False	Probability of Accept: 0.198	Reject
chr14-64738747-64738748-G-A		1.0					PLEKHG3	G492R	1	RRRESESSR	ENST00000634379.2	1	HLA-C*07:02	1		1	1538.869	2072.091	3.92	5.673	51.813	0.286	14.819	545	0.056	Poor	False	Probability of Accept: 0.248	Review
chr3-135106570-135106571-C-A						3.0	EPHB1	A310E	2	YREDFDPPEV	ENST00000398015.8	1	HLA-C*07:02	3		3	1055.587	860.489	1.752	0.6	4.711	0.2	0.942	5	0.047	Poor	False	Probability of Accept: 0.416	Review
chr17-7675087-7675088-C-T						1.0	TP53	R175H	20	QHMTEVVRH	ENST00000269305.9	1	HLA-C*07:02	9		1	8607.005	9989.732	13.05	23.5	48.375	0.324	15.674	510	0.071	Poor	False	Probability of Accept: 0.386	Review
chr1-231694008-231694009-G-A							DISC1	R84K	0	SHHSESRAK	ENST00000366633.7	1	HLA-C*07:02	9		0	2868.201	2953.002	6.479	6.301	30.518	0.173	5.28	260	0.058	Poor	False	Probability of Accept: 0.238	Review
chr1-162367365-162367366-G-A							NOS1AP	E474K	0	SEYESNTDESK	ENST00000361897.10	1	HLA-A*03:01	11		0	4912.685	30589.902	9.716	69.0	11.661	0.25	2.915	44	0.075	Poor	False	Probability of Accept: 0.376	Review
chr11-111875784-111875785-C-T		1.0					FDXACB1	G338R	3	RTCGQAKICLR	ENST00000260257.9	1	HLA-A*03:01	1	3,9	1	1399.487	4012.134	1.5	3.95	4.007	0.12	0.481	92	0.062	Poor	False	Probability of Accept: 0.208	Review
chr2-98643936-98643937-G-A	1.0	3.0					MGAT4A	P336S	4	NSEKDAKH	ENST00000264968.7	1	HLA-A*03:01	2		4	40664.648	41255.207	62.0	59.435	43.703	0.069	3.016	771	0.051	Poor	False	Probability of Accept: 0.347	Review
chr7-123461592-123461596-GGGTC-G							IQUB	FS590-591	0	AKYLKVPQH	ENST00000324698.11	1	HLA-C*07:02	9		0	2239.961	13836.705	7.483	34.0	1.147	0.067	0.077	15	0.043	Poor	False	Probability of Accept: 0.149	Reject
chr6-7230442-7230442-C-CG		2.0	16.0			7.0	RREB1	FS781-782	4	RARAGHREL	ENST00000379938.7	1	HLA-B*07:02	1-9		24	30.95		0.205		42.798	0.0	0.0	454	0.065	NoExpr	False	Probability of Accept: 0.069	Reject
chr19-20119228-20119229-C-T		3.0		2.0			ZNF90	H559Y	1	ISYTGEKPYK	ENST00000418063.3	1	HLA-A*03:01	3		4	57.492	413.187	0.269	1.47	3.027	0.0	0.0	28	0.052	NoExpr	True	Probability of Accept: 0.03	Reject
chr1-109475594-109475595-C-A	7.0	1.0		1.0			SYPL2	F48L	1	VLQWLFAIL	ENST00000369872.4	1	HLA-A*02:01	9		9	136.55	4261.62	1.85	9.65	0.852	0.0	0.0	18	0.043	NoExpr	False	Probability of Accept: 0.03	Reject
chr6-69361374-69361375-G-A			2.0	1.0			ADGRB3	A1368T	3	TPQEHMQNL	ENST00000370598.6	1	HLA-B*07:02	1		2	162.794	47.049	0.585	0.25	2.391	0.0	0.0	14	0.059	NoExpr	False	Probability of Accept: 0.03	Reject
chr17-61405401-61405402-G-A			1.0				TBX2	G418S	1	GPFSLRSL	ENST00000240328.4	1	HLA-B*07:02	4		1	209.959	237.954	0.545	0.616	12.576	0.0	0.0	360	0.043	NoExpr	False	Probability of Accept: 0.04	Reject
chr3-194136644-194136644-C-CG		1.0					HES1	FS46	1	IMEKRRKSK	ENST00000232424.4	1	HLA-A*03:01	7-9		1	624.2	5604.62	1.65	5.15	50.669	0.0	0.0	1290	0.046	NoExpr	False	Probability of Accept: 0.05	Reject
chr18-31154830-31154831-G-T						1.0	DSC1	D190E	2	FYIEKETGDIF	ENST00000257197.7	1	HLA-C*07:02	6		1	837.595	651.825	0.498	0.395	0.089	0.0	0.0	3	0.072	NoExpr	False	Probability of Accept: 0.04	Reject
chr12-90971905-90971906-C-T	1.0	1.0				1.0	EPYC	R199H	2	QLRELVLHDNK	ENST00000261172.8	1	HLA-A*03:01	8		3	1229.889	1158.819	2.279	1.82	0.558	0.0	0.0	6	0.048	NoExpr	False	Probability of Accept: 0.01	Reject
chr6-55579015-55579016-A-G		1.0		1.0			HMGCLL1	Y14H	8	SHQQLLREH	ENST00000274901.9	1	HLA-C*07:02	2		2	1570.956	797.756	3.372	1.755	1.302	0.0	0.0	18	0.049	NoExpr	False	Probability of Accept: 0.04	Reject
chr8-32647771-32647772-C-T							NRG1	P19S	0	RSSSSSTQL	ENST00000520502.7	1	HLA-B*07:02	5		0	2169.11	1833.293	3.95	2.85	2.194	0.0	0.0	3	0.049	NoExpr	False	Probability of Accept: 0.0	Reject
