"ID"	"A.02.01"	"A.03.01"	"B.07.02"	"B.35.01"	"C.04.01"	"C.07.02"	"Gene"	"AA.Change"	"Num.Passing.Transcripts"	"Best.Peptide"	"Best.Transcript"	"TSL"	"Allele"	"Pos"	"Prob.Pos"	"Num.Passing.Peptides"	"IC50.MT"	"IC50.WT"	"X.ile.MT"	"X.ile.WT"	"RNA.Expr"	"RNA.VAF"	"Allele.Expr"	"RNA.Depth"	"DNA.VAF"	"Tier"	"Ref.Match"	"Comments"	"Evaluation_pred"	"Reject_pred_prob"	"Accept_pred_prob"	"Evaluation"
"chr4-6967370-6967371-G-A"	1	1	NA	NA	NA	NA	"TBC1D14"	"G264R"	3	"KLFRKAPLR"	"ENST00000409757.9"	1	"HLA-A*03:01"	"4"	"None"	2	46.167	52.611	0.162	0.12	108.72	0.161	17.504	671	0.045	"Pass"	"False"	"No comments"	"Accept"	0.112219451371571	0.887780548628429	"Accept"
"chr19-45872339-45872340-C-A"	NA	3	2	1	NA	1	"FOXA3"	"P112H"	2	"MPKGYRRHL"	"ENST00000302177.3"	1	"HLA-B*07:02"	"8"	"None"	6	23.717	4.863	0.16	0.025	20.009	0.239	4.782	427	0.048	"Pass"	"False"	"No comments"	"Accept"	0.319201995012469	0.680798004987531	"Accept"
"chr13-20974997-20974998-C-A"	NA	NA	NA	1	2	7	"LATS2"	"D1047Y"	1	"FFYDNGYPF"	"ENST00000382592.5"	1	"HLA-B*35:01"	"3"	"None"	7	28.021	56.353	0.348	0.522	15.272	0.105	1.604	219	0.044	"Pass"	"False"	"No comments"	"Accept"	0.197007481296758	0.802992518703242	"Accept"
"chr13-113801788-113801789-G-A"	9	3	NA	1	NA	NA	"TMEM255B"	"V216I"	1	"ITAAILGAFK"	"ENST00000375353.5"	1	"HLA-A*03:01"	"5"	"None"	13	33.316	27.3	0.254	0.2	24.8	0.046	1.141	109	0.05	"Pass"	"False"	"No comments"	"Accept"	0.264339152119701	0.735660847880299	"Accept"
"chr18-5291032-5291033-C-T"	1	NA	NA	1	NA	NA	"ZBTB14"	"G392D"	5	"FVCDSCTKAF"	"ENST00000357006.8"	1	"HLA-B*35:01"	"4"	"3,6"	2	345.423	532.922	0.59	0.993	32.868	0.236	7.757	420	0.052	"Pass"	"True"	"No comments"	"Reject"	0.85286783042394	0.14713216957606	"Reject"
"chr3-151411389-151411390-C-T"	5	NA	4	1	NA	1	"MED12L"	"P1973L"	2	"YLAAHSNPV"	"ENST00000474524.5"	1	"HLA-A*02:01"	"2"	"None"	9	6.149	3710.245	0.127	7.3	2.817	0.278	0.783	18	0.042	"LowExpr"	"False"	"No comments"	"Review"	0.411471321695761	0.588528678304239	"Accept"
"chr19-55304572-55304573-C-T"	1	NA	2	NA	NA	NA	"BRSK1"	"P473L"	3	"SPRSPVFSFSL"	"ENST00000590333.5"	1	"HLA-B*07:02"	"11"	"None"	3	49.332	641.925	0.16	1.216	8.388	0.108	0.906	37	0.054	"LowExpr"	"False"	"No comments"	"Accept"	0.276807980049875	0.723192019950125	"Accept"
"chrX-49226662-49226663-C-T"	NA	1	NA	NA	NA	2	"CACNA1F"	"R450H"	3	"RRRGHLRWF"	"ENST00000376265.2"	1	"HLA-C*07:02"	"5"	"None"	3	103.771	156.93	0.32	0.48	1.129	0.286	0.323	7	0.078	"LowExpr"	"False"	"No comments"	"Reject"	0.625935162094763	0.374064837905237	"Review"
"chr10-77011969-77011970-G-A"	3	4	1	NA	NA	4	"KCNMA1"	"R697W"	42	"WPKMSIYKRM"	"ENST00000286628.14"	1	"HLA-B*07:02"	"1"	"None"	12	438.635	66.839	1.335	0.33	22.065	0.011	0.243	182	0.061	"LowExpr"	"False"	"No comments"	"Reject"	0.778054862842893	0.221945137157107	"Review"
"chr14-64126711-64126712-G-T"	6	NA	NA	NA	NA	2	"SYNE2"	"D4608Y"	5	"LLLECFYNL"	"ENST00000555002.6"	1	"HLA-A*02:01"	"7"	"5"	8	5.092	17.904	0.178	0.44	212.219	0.08	16.978	1189	0.031	"Subclonal"	"False"	"No comments"	"Reject"	0.882793017456359	0.117206982543641	"Reject"
"chr12-25245349-25245350-C-T"	1	2	NA	NA	NA	NA	"KRAS"	"G12D"	11	"KLVVVGADGV"	"ENST00000256078.10"	1	"HLA-A*02:01"	"8"	"None"	3	307.08	355.644	2.7	2.75	11.788	0.246	2.9	415	0.037	"Subclonal"	"False"	"No comments"	"Accept"	0.374064837905237	0.625935162094763	"Accept"
"chr9-114093919-114093920-G-A"	1	NA	NA	NA	NA	NA	"KIF12"	"R456C"	1	"AQNEQCILA"	"ENST00000640217.2"	5	"HLA-A*02:01"	"6"	"6"	1	1368.713	4251.196	6.35	12.5	139.031	0.123	17.101	1451	0.048	"Poor"	"False"	"No comments"	"Reject"	0.802992518703242	0.197007481296758	"Reject"
"chr14-64738747-64738748-G-A"	NA	1	NA	NA	NA	NA	"PLEKHG3"	"G492R"	1	"RRRESESSR"	"ENST00000634379.2"	1	"HLA-C*07:02"	"1"	"None"	1	1538.869	2072.091	3.92	5.673	51.813	0.286	14.819	545	0.056	"Poor"	"False"	"No comments"	"Reject"	0.765586034912718	0.234413965087282	"Reject"
"chr3-135106570-135106571-C-A"	NA	NA	NA	NA	NA	3	"EPHB1"	"A310E"	2	"YREDFDPPEV"	"ENST00000398015.8"	1	"HLA-C*07:02"	"3"	"None"	3	1055.587	860.489	1.752	0.6	4.711	0.2	0.942	5	0.047	"Poor"	"False"	"No comments"	"Review"	0.588528678304239	0.411471321695761	"Reject"
"chr17-7675087-7675088-C-T"	NA	NA	NA	NA	NA	1	"TP53"	"R175H"	20	"QHMTEVVRH"	"ENST00000269305.9"	1	"HLA-C*07:02"	"9"	"None"	1	8607.005	9989.732	13.05	23.5	48.375	0.324	15.674	510	0.071	"Poor"	"False"	"No comments"	"Reject"	0.755610972568579	0.244389027431421	"Accept"
"chr1-231694008-231694009-G-A"	NA	NA	NA	NA	NA	NA	"DISC1"	"R84K"	0	"SHHSESRAK"	"ENST00000366633.7"	1	"HLA-C*07:02"	"9"	"None"	0	2868.201	2953.002	6.479	6.301	30.518	0.173	5.28	260	0.058	"Poor"	"False"	"No comments"	"Reject"	0.827930174563591	0.172069825436409	"Reject"
"chr1-162367365-162367366-G-A"	NA	NA	NA	NA	NA	NA	"NOS1AP"	"E474K"	0	"SEYESNTDESK"	"ENST00000361897.10"	1	"HLA-A*03:01"	"11"	"None"	0	4912.685	30589.902	9.716	69	11.661	0.25	2.915	44	0.075	"Poor"	"False"	"No comments"	"Reject"	0.788029925187032	0.211970074812968	"Reject"
"chr11-111875784-111875785-C-T"	NA	1	NA	NA	NA	NA	"FDXACB1"	"G338R"	3	"RTCGQAKICLR"	"ENST00000260257.9"	1	"HLA-A*03:01"	"1"	"3,9"	1	1399.487	4012.134	1.5	3.95	4.007	0.12	0.481	92	0.062	"Poor"	"False"	"No comments"	"Reject"	0.835411471321696	0.164588528678304	"Reject"
"chr2-98643936-98643937-G-A"	1	3	NA	NA	NA	NA	"MGAT4A"	"P336S"	4	"NSEKDAKH"	"ENST00000264968.7"	1	"HLA-A*03:01"	"2"	"None"	4	40664.648	41255.207	62	59.435	43.703	0.069	3.016	771	0.051	"Poor"	"False"	"No comments"	"Reject"	0.718204488778055	0.281795511221945	"Reject"
"chr7-123461592-123461596-GGGTC-G"	NA	NA	NA	NA	NA	NA	"IQUB"	"FS590-591"	0	"AKYLKVPQH"	"ENST00000324698.11"	1	"HLA-C*07:02"	"9"	"None"	0	2239.961	13836.705	7.483	34	1.147	0.067	0.077	15	0.043	"Poor"	"False"	"No comments"	"Reject"	0.802992518703242	0.197007481296758	"Reject"
"chr6-7230442-7230442-C-CG"	NA	2	16	NA	NA	7	"RREB1"	"FS781-782"	4	"RARAGHREL"	"ENST00000379938.7"	1	"HLA-B*07:02"	"1-9"	"None"	24	30.95	NA	0.205	NA	42.798	0	0	454	0.065	"NoExpr"	"False"	"No comments"	"Reject"	0.922693266832918	0.0773067331670823	"Review"
"chr19-20119228-20119229-C-T"	NA	3	NA	2	NA	NA	"ZNF90"	"H559Y"	1	"ISYTGEKPYK"	"ENST00000418063.3"	1	"HLA-A*03:01"	"3"	"None"	4	57.492	413.187	0.269	1.47	3.027	0	0	28	0.052	"NoExpr"	"True"	"No comments"	"Reject"	0.967581047381546	0.0324189526184539	"Pending"
"chr1-109475594-109475595-C-A"	7	1	NA	1	NA	NA	"SYPL2"	"F48L"	1	"VLQWLFAIL"	"ENST00000369872.4"	1	"HLA-A*02:01"	"9"	"None"	9	136.55	4261.62	1.85	9.65	0.852	0	0	18	0.043	"NoExpr"	"False"	"No comments"	"Reject"	0.945137157107232	0.0548628428927681	"Pending"
"chr6-69361374-69361375-G-A"	NA	NA	2	1	NA	NA	"ADGRB3"	"A1368T"	3	"TPQEHMQNL"	"ENST00000370598.6"	1	"HLA-B*07:02"	"1"	"None"	2	162.794	47.049	0.585	0.25	2.391	0	0	14	0.059	"NoExpr"	"False"	"No comments"	"Reject"	0.975062344139651	0.0249376558603491	"Pending"
"chr17-61405401-61405402-G-A"	NA	NA	1	NA	NA	NA	"TBX2"	"G418S"	1	"GPFSLRSL"	"ENST00000240328.4"	1	"HLA-B*07:02"	"4"	"None"	1	209.959	237.954	0.545	0.616	12.576	0	0	360	0.043	"NoExpr"	"False"	"No comments"	"Reject"	0.935162094763092	0.0648379052369077	"Pending"
"chr3-194136644-194136644-C-CG"	NA	1	NA	NA	NA	NA	"HES1"	"FS46"	1	"IMEKRRKSK"	"ENST00000232424.4"	1	"HLA-A*03:01"	"7-9"	"None"	1	624.2	5604.62	1.65	5.15	50.669	0	0	1290	0.046	"NoExpr"	"False"	"No comments"	"Reject"	0.950124688279302	0.0498753117206983	"Review"
"chr18-31154830-31154831-G-T"	NA	NA	NA	NA	NA	1	"DSC1"	"D190E"	2	"FYIEKETGDIF"	"ENST00000257197.7"	1	"HLA-C*07:02"	"6"	"None"	1	837.595	651.825	0.498	0.395	0.089	0	0	3	0.072	"NoExpr"	"False"	"No comments"	"Reject"	0.985037406483791	0.0149625935162095	"Pending"
"chr12-90971905-90971906-C-T"	1	1	NA	NA	NA	1	"EPYC"	"R199H"	2	"QLRELVLHDNK"	"ENST00000261172.8"	1	"HLA-A*03:01"	"8"	"None"	3	1229.889	1158.819	2.279	1.82	0.558	0	0	6	0.048	"NoExpr"	"False"	"No comments"	"Reject"	0.99501246882793	0.00498753117206983	"Pending"
"chr6-55579015-55579016-A-G"	NA	1	NA	1	NA	NA	"HMGCLL1"	"Y14H"	8	"SHQQLLREH"	"ENST00000274901.9"	1	"HLA-C*07:02"	"2"	"None"	2	1570.956	797.756	3.372	1.755	1.302	0	0	18	0.049	"NoExpr"	"False"	"No comments"	"Reject"	0.962593516209476	0.0374064837905237	"Pending"
"chr8-32647771-32647772-C-T"	NA	NA	NA	NA	NA	NA	"NRG1"	"P19S"	0	"RSSSSSTQL"	"ENST00000520502.7"	1	"HLA-B*07:02"	"5"	"None"	0	2169.11	1833.293	3.95	2.85	2.194	0	0	3	0.049	"NoExpr"	"False"	"No comments"	"Reject"	1	0	"Pending"
