"ID"	"A.25.01"	"A.26.01"	"B.18.01"	"B.40.01"	"C.03.04"	"C.12.03"	"Gene"	"AA.Change"	"Num.Passing.Transcripts"	"Best.Peptide"	"Best.Transcript"	"TSL"	"Allele"	"Pos"	"Prob.Pos"	"Num.Passing.Peptides"	"IC50.MT"	"IC50.WT"	"X.ile.MT"	"X.ile.WT"	"RNA.Expr"	"RNA.VAF"	"Allele.Expr"	"RNA.Depth"	"DNA.VAF"	"Tier"	"Ref.Match"	"Comments"	"Evaluation_pred"	"Reject_pred_prob"	"Accept_pred_prob"	"Evaluation"
"chr1-193141889-193141890-A-G"	NA	1	NA	NA	2	2	"CDC73"	"I185V"	4	"IAAVKAKIM"	"ENST00000367435.5"	1	"HLA-C*12:03"	"4"	"None"	2	131.891	123.458	2	2.35	62.139	0.595	36.973	1081	0.273	"Pass"	"False"	"No comments"	"Accept"	0.127182044887781	0.87281795511222	"Accept"
"chr2-178072297-178072298-C-T"	NA	NA	NA	1	1	1	"PDE11A"	"G47E"	1	"QEALGPRPSL"	"ENST00000286063.11"	1	"HLA-B*40:01"	"2"	"None"	2	155.523	24384.726	0.32	16.5	0.22	0.333	0.073	6	0.259	"LowExpr"	"False"	"No comments"	"Review"	0.768079800498753	0.231920199501247	"Review"
"chr2-8877112-8877113-C-T"	NA	NA	NA	NA	NA	3	"MBOAT2"	"E203K"	2	"ITFIKGRSY"	"ENST00000305997.8"	1	"HLA-C*12:03"	"5"	"None"	3	116.115	141.161	0.435	0.46	202.874	0.384	77.904	2064	0.13	"Subclonal"	"False"	"No comments"	"Accept"	0.114713216957606	0.885286783042394	"Accept"
"chr9-95456340-95456341-C-T"	NA	NA	NA	NA	4	5	"PTCH1"	"V930M"	5	"SAMPVVILI"	"ENST00000429896.6"	1	"HLA-C*12:03"	"3"	"None"	6	24.209	31.27	0.155	0.405	22.313	0.245	5.467	110	0.182	"Subclonal"	"False"	"No comments"	"Accept"	0.0698254364089776	0.930174563591022	"Accept"
"chr12-6567825-6567826-AG-A"	NA	NA	1	1	NA	NA	"NOP2"	"FS31"	14	"AETELVRFCL"	"ENST00000382421.7"	1	"HLA-B*40:01"	"9-10"	"9"	2	87.646	3194.69	0.29	2.9	62.921	0.103	6.481	797	0.095	"Subclonal"	"False"	"No comments"	"Reject"	0.882793017456359	0.117206982543641	"Reject"
"chr12-14461079-14461080-C-T"	NA	NA	NA	NA	2	4	"ATF7IP"	"A923V"	5	"IQMKIPISV"	"ENST00000544627.5"	1	"HLA-C*12:03"	"9"	"None"	4	197.044	2259.855	0.872	4.689	127.851	0.167	21.351	1452	0.114	"Subclonal"	"False"	"No comments"	"Accept"	0.134663341645885	0.865336658354115	"Accept"
"chr1-180024467-180024482-TGATCCTTCCTCTGTG-T"	NA	NA	NA	NA	NA	1	"CEP350"	"DPSSV1146-1150-"	1	"SAYDVTSQH"	"ENST00000367607.8"	1	"HLA-C*12:03"	"4-5"	"None"	1	174.12	1269.1	0.87	15.3	84.002	0.228	19.152	817	0.197	"Subclonal"	"True"	"No comments"	"Accept"	0.29925187032419	0.70074812967581	"Review"
"chr10-97469653-97469654-G-A"	NA	NA	NA	NA	1	2	"MMS19"	"R306C"	5	"WASICREVF"	"ENST00000370782.6"	1	"HLA-C*03:04"	"5"	"5"	2	282.42	340.7	1.5	1.204	60.486	0.348	21.049	813	0.112	"Subclonal"	"False"	"No comments"	"Reject"	0.865336658354115	0.134663341645885	"Reject"
"chr16-372206-372207-A-G"	NA	NA	NA	NA	6	3	"PGAP6"	"V699A"	3	"FYLLPGASM"	"ENST00000431232.7"	1	"HLA-C*03:04"	"7"	"None"	8	366.216	672.65	1.409	1.255	173.615	0.239	41.494	1690	0.146	"Subclonal"	"False"	"No comments"	"Accept"	0.169576059850374	0.830423940149626	"Accept"
"chr19-54162730-54162731-G-T"	NA	NA	2	4	1	2	"TMC4"	"L488M"	2	"QEMYKLMLF"	"ENST00000617472.4"	1	"HLA-B*18:01"	"7"	"None"	6	112.269	72.055	0.25	0.21	59.06	0.078	4.607	1095	0.079	"Subclonal"	"True"	"No comments"	"Accept"	0.231920199501247	0.768079800498753	"Reject"
"chr9-128818741-128818742-G-C"	NA	NA	NA	NA	2	1	"ENDOG"	"V20L"	1	"LGAGLGAVL"	"ENST00000372642.5"	1	"HLA-C*03:04"	"9"	"None"	2	150.82	2469.769	0.583	3.1	22.08	0.345	7.618	139	0.156	"Subclonal"	"False"	"No comments"	"Accept"	0.0374064837905237	0.962593516209476	"Accept"
"chr2-112021543-112021544-G-A"	NA	NA	1	NA	NA	1	"MERTK"	"S771N"	4	"IENLADRVY"	"ENST00000295408.9"	1	"HLA-B*18:01"	"3"	"None"	2	66.841	69.044	0.135	0.14	42.408	0.041	1.739	413	0.126	"Subclonal"	"False"	"No comments"	"Accept"	0.13216957605985	0.86783042394015	"Accept"
"chr7-100894107-100894108-G-A"	NA	NA	2	4	NA	NA	"ACHE"	"T42M"	12	"REDAELLVM"	"ENST00000302913.8"	1	"HLA-B*40:01"	"9"	"None"	4	60.426	1832.881	0.278	2.05	10.776	0.139	1.498	144	0.062	"Subclonal"	"False"	"No comments"	"Accept"	0.119700748129676	0.880299251870324	"Accept"
"chr12-120516665-120516666-C-T"	NA	NA	NA	1	NA	1	"COQ5"	"E159K"	4	"KEYQNEKDSL"	"ENST00000288532.11"	1	"HLA-B*40:01"	"7"	"None"	2	129.402	112.336	0.31	0.227	29.109	0.148	4.308	616	0.111	"Subclonal"	"False"	"No comments"	"Accept"	0.0897755610972569	0.910224438902743	"Accept"
"chr7-2432765-2432766-C-A"	NA	NA	NA	NA	1	1	"CHST12"	"P43T"	3	"FSRTHTGPPL"	"ENST00000258711.7"	1	"HLA-C*03:04"	"4"	"None"	1	131.423	62.75	0.92	0.187	24.526	0.169	4.145	543	0.094	"Subclonal"	"False"	"No comments"	"Accept"	0.117206982543641	0.882793017456359	"Accept"
"chr3-45762937-45762938-C-T"	1	1	3	1	2	3	"SLC6A20"	"V480M"	3	"IVLVETIAM"	"ENST00000358525.9"	1	"HLA-C*03:04"	"9"	"None"	6	190.47	2379.2	0.84	2.251	4.893	0.25	1.223	52	0.134	"Subclonal"	"False"	"No comments"	"Accept"	0.167082294264339	0.832917705735661	"Accept"
"chr20-34854543-34854544-C-G"	NA	1	NA	1	NA	1	"GGT7"	"D436H"	1	"SMHDMLSKV"	"ENST00000336431.10"	1	"HLA-C*12:03"	"3"	"None"	3	327.425	1842.275	2.5	3.35	19.165	0.115	2.204	392	0.102	"Subclonal"	"False"	"No comments"	"Accept"	0.246882793017456	0.753117206982544	"Accept"
"chr2-171392100-171392101-C-A"	NA	NA	NA	1	3	1	"METTL8"	"A29S"	7	"SGYHPVSPL"	"ENST00000612742.5"	2	"HLA-C*03:04"	"7"	"None"	3	50.08	62.25	0.447	0.449	21.948	0.369	8.099	141	0.222	"Poor"	"False"	"No comments"	"Review"	0.548628428927681	0.451371571072319	"Review"
"chr7-139284008-139284009-C-T"	NA	NA	NA	NA	4	3	"UBN2"	"A1035V"	1	"FKSPFSMAV"	"ENST00000473989.8"	2	"HLA-C*12:03"	"9"	"None"	4	33.142	609.625	1.15	5.425	27.837	0.127	3.535	316	0.071	"Poor"	"True"	"No comments"	"Review"	0.640897755610973	0.359102244389027	"Review"
"chr17-7174045-7174046-C-T"	NA	1	NA	NA	3	2	"ASGR1"	"G206S"	6	"FVQHHISPV"	"ENST00000269299.8"	1	"HLA-C*12:03"	"7"	"None"	3	19.347	23.046	0.425	0.877	15.426	0.048	0.74	294	0.163	"Poor"	"False"	"No comments"	"Accept"	0.241895261845387	0.758104738154613	"Accept"
"chr14-96329548-96329549-G-C"	NA	NA	2	3	3	3	"ATG2B"	"Q606E"	1	"MSIGEMEFL"	"ENST00000359933.6"	5	"HLA-C*03:04"	"5"	"None"	6	110.39	127.61	0.511	0.406	32.025	0.073	2.338	247	0.064	"Poor"	"False"	"No comments"	"Review"	0.648379052369077	0.351620947630923	"Review"
"chr12-116277109-116277110-C-G"	NA	NA	NA	NA	1	NA	"MED13L"	"V8L"	2	"AANWLANGASL"	"ENST00000281928.9"	1	"HLA-C*03:04"	"5"	"None"	1	1062.03	995.274	0.786	0.623	290.086	0.159	46.124	1108	0.152	"Poor"	"False"	"No comments"	"Accept"	0.192019950124688	0.807980049875312	"Accept"
"chr19-48750707-48750708-G-A"	NA	NA	1	3	1	1	"FUT1"	"R192W"	1	"WEEAQSVLGQL"	"ENST00000645652.2"	NA	"HLA-B*40:01"	"1"	"None"	5	228.44	148.851	0.464	0.21	5.413	0.8	4.33	195	0.418	"Poor"	"False"	"No comments"	"Review"	0.685785536159601	0.314214463840399	"Review"
"chr6-24588771-24588772-G-T"	1	NA	NA	1	1	2	"KIAA0319"	"S272Y"	4	"KEVLMPYHSL"	"ENST00000378214.8"	1	"HLA-B*40:01"	"7"	"None"	4	96.726	97.074	0.235	0.245	0.641	0.222	0.142	18	0.14	"Poor"	"False"	"No comments"	"Reject"	0.830423940149626	0.169576059850374	"Review"
"chr12-25245349-25245350-C-T"	NA	NA	NA	NA	NA	1	"KRAS"	"G12D"	11	"GADGVGKSA"	"ENST00000256078.10"	1	"HLA-C*12:03"	"3"	"None"	1	858.587	1848.676	4.47	5.5	26.677	0.585	15.606	904	0.405	"Poor"	"False"	"No comments"	"Accept"	0.376558603491272	0.623441396508728	"Accept"
"chr5-141209696-141209697-G-A"	NA	NA	NA	NA	NA	1	"PCDHB12"	"V264I"	1	"ILGSLVVTI"	"ENST00000239450.4"	NA	"HLA-C*12:03"	"9"	"None"	1	928.454	901.515	5.775	3.2	21.235	0.412	8.749	194	0.144	"Poor"	"False"	"No comments"	"Review"	0.613466334164589	0.386533665835411	"Review"
"chr3-89399420-89399421-G-T"	NA	NA	NA	NA	1	3	"EPHA3"	"R512L"	3	"YVFQIRAL"	"ENST00000336596.7"	1	"HLA-C*12:03"	"8"	"None"	3	137.945	4094.43	0.33	6.491	6.053	0.135	0.817	89	0.107	"Poor"	"False"	"No comments"	"Accept"	0.129675810473815	0.870324189526185	"Accept"
"chr5-102867327-102867328-G-A"	NA	NA	NA	NA	NA	1	"PAM"	"V49I"	15	"GTTRPIVPI"	"ENST00000304400.12"	1	"HLA-C*12:03"	"6"	"None"	1	1243.435	1280.664	6	5.85	71.838	0.232	16.666	1139	0.125	"Poor"	"False"	"No comments"	"Review"	0.508728179551122	0.491271820448878	"Accept"
"chr17-4017917-4017918-C-T"	NA	NA	NA	NA	1	NA	"ZZEF1"	"R2520Q"	1	"LAQQWQPSKSL"	"ENST00000381638.7"	1	"HLA-C*03:04"	"4"	"None"	1	1318.609	1661.71	1.2	1.5	82.321	0.21	17.287	533	0.127	"Poor"	"False"	"No comments"	"Accept"	0.351620947630923	0.648379052369077	"Accept"
"chr19-45361624-45361625-A-T"	NA	NA	NA	1	4	2	"ERCC2"	"L379H"	8	"AERHRSLLHTL"	"ENST00000391944.8"	1	"HLA-B*40:01"	"4"	"None"	5	743.792	881.821	0.817	0.835	30.862	0.174	5.37	327	0.071	"Poor"	"False"	"No comments"	"Accept"	0.321695760598504	0.678304239401496	"Accept"
"chr17-63824390-63824391-G-A"	NA	NA	NA	NA	NA	1	"FTSJ3"	"T313I"	1	"SLLNWRIKL"	"ENST00000427159.7"	1	"HLA-C*12:03"	"7"	"None"	1	1451.958	1344.98	8.15	14	52.048	0.306	15.927	969	0.117	"Poor"	"False"	"No comments"	"Review"	0.406483790523691	0.593516209476309	"Pending"
"chr11-65547724-65547725-C-G"	NA	NA	NA	NA	NA	NA	"LTBP3"	"R648P"	0	"RGYPLHVGA"	"ENST00000322147.8"	1	"HLA-C*12:03"	"4"	"None"	0	4188.534	12250.185	9	21.596	177.169	0.246	43.584	1973	0.153	"Poor"	"False"	"No comments"	"Review"	0.610972568578554	0.389027431421446	"Pending"
"chr6-115967622-115967623-C-G"	NA	NA	NA	1	NA	NA	"FRK"	"G243R"	1	"RQFGEVWEGL"	"ENST00000606080.2"	1	"HLA-B*40:01"	"1"	"None"	1	602.177	569.26	0.866	0.963	3.44	0.47	1.617	572	0.12	"Poor"	"False"	"No comments"	"Accept"	0.29925187032419	0.70074812967581	"Pending"
"chr9-109255810-109255811-C-G"	NA	NA	NA	NA	NA	1	"EPB41L4B"	"S321T"	2	"FKKTKLTLV"	"ENST00000374566.8"	1	"HLA-C*12:03"	"4"	"None"	1	1822.5	1212.49	3.05	3.795	13.054	0.442	5.77	443	0.157	"Poor"	"False"	"No comments"	"Review"	0.635910224438903	0.364089775561097	"Pending"
"chr15-73927413-73927414-G-T"	NA	NA	NA	NA	1	1	"LOXL1"	"G211C"	2	"YYRPAGGCV"	"ENST00000261921.8"	1	"HLA-C*12:03"	"8"	"8"	2	969.265	1318.23	3.838	4.993	9.214	0.242	2.23	165	0.137	"Poor"	"False"	"No comments"	"Review"	0.780548628428928	0.219451371571072	"Pending"
"chr7-73478096-73478097-C-T"	NA	NA	NA	NA	NA	NA	"BAZ1B"	"R455Q"	0	"RAPQNSGGT"	"ENST00000339594.9"	1	"HLA-C*12:03"	"4"	"None"	0	5012.774	8180.445	12.095	15.675	86.728	0.29	25.151	1492	0.135	"Poor"	"False"	"No comments"	"Review"	0.71571072319202	0.28428927680798	"Pending"
"chr8-95269178-95269179-T-C"	NA	NA	NA	1	2	1	"CFAP418"	"D4G"	1	"MAEGLDEL"	"ENST00000286688.6"	1	"HLA-C*03:04"	"4"	"None"	3	415.756	614.42	1.82	1.9	0.341	0.486	0.166	35	0.186	"Poor"	"False"	"No comments"	"Reject"	0.8428927680798	0.1571072319202	"Review"
"chr2-218344509-218344510-C-A"	NA	NA	NA	NA	NA	NA	"PNKD"	"N308K"	0	"FAGVVEPEKL"	"ENST00000273077.9"	1	"HLA-C*03:04"	"9"	"None"	0	1672.99	1249.169	1.1	1.3	46.243	0.1	4.624	1158	0.076	"Poor"	"False"	"No comments"	"Review"	0.516209476309227	0.483790523690773	"Pending"
"chr19-49835882-49835883-C-A"	NA	NA	NA	NA	NA	NA	"MED25"	"L635I"	0	"GPPPPGPII"	"ENST00000312865.10"	1	"HLA-C*12:03"	"9"	"None"	0	2848.42	6447.19	14	17	69.831	0.121	8.45	596	0.102	"Poor"	"False"	"No comments"	"Review"	0.443890274314214	0.556109725685786	"Pending"
"chr2-127713616-127713617-C-T"	NA	NA	NA	NA	NA	NA	"WDR33"	"E1092K"	0	"DERFPRDPK"	"ENST00000322313.9"	1	"HLA-B*18:01"	"9"	"None"	0	4787.445	3956.405	2.4	1.74	90.273	0.215	19.409	965	0.146	"Poor"	"False"	"No comments"	"Review"	0.683291770573566	0.316708229426434	"Pending"
"chr17-7673778-7673779-C-G"	NA	NA	NA	NA	NA	NA	"TP53"	"D281H"	0	"HRRTEEENL"	"ENST00000269305.9"	1	"HLA-C*12:03"	"1"	"None"	0	21219.744	25997.64	46.5	56.5	40.405	0.574	23.192	732	0.254	"Poor"	"False"	"No comments"	"Review"	0.668329177057357	0.331670822942643	"Reject"
"chr16-23626353-23626354-C-G"	NA	NA	NA	NA	NA	NA	"PALB2"	"W877S"	0	"DVSAMFSER"	"ENST00000261584.9"	1	"HLA-A*26:01"	"7"	"None"	0	4163.856	6559.237	2.15	4.05	23.802	0.496	11.806	395	0.268	"Poor"	"False"	"No comments"	"Review"	0.44139650872818	0.55860349127182	"Pending"
"chr12-121509630-121509631-G-A"	NA	NA	NA	NA	NA	NA	"KDM2B"	"P528L"	0	"VEKLESLL"	"ENST00000377071.9"	1	"HLA-B*40:01"	"8"	"None"	0	2743.79	20122.53	1.785	19	29.336	0.17	4.987	218	0.16	"Poor"	"False"	"No comments"	"Review"	0.438902743142145	0.561097256857855	"Pending"
"chr1-158094803-158094804-A-T"	NA	NA	NA	NA	2	3	"KIRREL1"	"Y653F"	4	"YAQLNTFSR"	"ENST00000359209.11"	1	"HLA-C*12:03"	"7"	"None"	3	1341.923	1159.21	5.462	5.493	12.114	0.162	1.962	382	0.079	"Poor"	"False"	"No comments"	"Review"	0.556109725685786	0.443890274314214	"Pending"
"chr19-56223700-56223701-C-T"	NA	NA	NA	NA	NA	NA	"ZSCAN5A"	"R173H"	0	"RASSVNQMH"	"ENST00000391713.5"	1	"HLA-C*12:03"	"9"	"None"	0	2092.989	4217.804	5.1	12.5	8.496	0.515	4.375	136	0.4	"Poor"	"True"	"No comments"	"Review"	0.615960099750623	0.384039900249377	"Pending"
"chr2-96842085-96842086-G-C"	NA	NA	NA	NA	NA	NA	"ANKRD23"	"P92A"	0	"VPARKPEPL"	"ENST00000318357.9"	1	"HLA-C*03:04"	"3"	"None"	0	2032.95	4286.91	2.741	4.9	11.044	0.173	1.911	202	0.132	"Poor"	"False"	"No comments"	"Review"	0.668329177057357	0.331670822942643	"Pending"
"chr4-125487567-125487568-G-C"	NA	NA	NA	NA	NA	NA	"FAT4"	"G2588A"	0	"GAIPPNQAH"	"ENST00000335110.5"	1	"HLA-C*12:03"	"2"	"None"	0	1630.455	4931.769	2.65	19	2.273	0.457	1.039	35	0.184	"Poor"	"False"	"No comments"	"Review"	0.458852867830424	0.541147132169576	"Pending"
"chr17-40656540-40656541-C-A"	NA	NA	NA	NA	NA	3	"KRT222"	"R250L"	2	"KSVSLLFDL"	"ENST00000394052.5"	1	"HLA-C*12:03"	"6"	"None"	3	1367.866	1390.736	14.15	16.135	0.183	0.286	0.052	7	0.159	"Poor"	"False"	"No comments"	"Reject"	0.8428927680798	0.1571072319202	"Pending"
"chr8-101689378-101689379-C-T"	NA	NA	NA	NA	NA	NA	"NCALD"	"R171Q"	0	"EEFIQGAKS"	"ENST00000220931.11"	1	"HLA-B*18:01"	"5"	"None"	0	2775.31	3223.116	1.71	1.938	5.02	0.319	1.601	113	0.174	"Poor"	"False"	"No comments"	"Review"	0.538653366583541	0.461346633416459	"Pending"
"chr5-113434061-113434062-G-A"	NA	NA	NA	NA	NA	NA	"TSSK1B"	"R260W"	0	"LQPDVNRWL"	"ENST00000390666.4"	NA	"HLA-C*12:03"	"8"	"None"	0	1973.395	2141.93	10.15	9.3	0.23	0.5	0.115	4	0.128	"Poor"	"False"	"No comments"	"Reject"	0.845386533665835	0.154613466334165	"Pending"
"chr9-37020770-37020771-A-C"	NA	NA	NA	NA	1	NA	"PAX5"	"V26G"	11	"GGFVNGRPL"	"ENST00000358127.9"	1	"HLA-C*12:03"	"2"	"None"	1	2051.811	557.68	3.25	1.09	3.391	0.042	0.142	48	0.164	"Poor"	"False"	"No comments"	"Review"	0.798004987531172	0.201995012468828	"Pending"
"chr9-101429933-101429934-C-A"	NA	NA	NA	NA	NA	NA	"ALDOB"	"V49L"	0	"LENTEENRRQF"	"ENST00000647789.2"	NA	"HLA-B*18:01"	"1"	"None"	0	3119.23	4912.575	1.56	1.418	0.906	0.105	0.095	19	0.125	"Poor"	"False"	"No comments"	"Reject"	0.937655860349127	0.0623441396508728	"Pending"
"chr7-14574331-14574332-A-C"	NA	NA	2	2	NA	NA	"DGKB"	"I551M"	5	"MENSTEIML"	"ENST00000406247.7"	1	"HLA-B*40:01"	"1"	"None"	2	36.726	40.829	0.14	0.23	0.055	0	0	0	0.121	"NoExpr"	"False"	"No comments"	"Reject"	0.970074812967581	0.029925187032419	"Pending"
"chr1-159440161-159440162-T-C"	NA	NA	NA	NA	5	8	"OR10J1"	"V135A"	3	"MGYDRYAAI"	"ENST00000641630.1"	NA	"HLA-C*12:03"	"7"	"None"	8	51.298	40.458	0.391	0.245	0.007	0	0	0	0.3	"NoExpr"	"True"	"No comments"	"Reject"	0.987531172069825	0.0124688279301746	"Pending"
"chr2-1433544-1433545-C-T"	1	1	1	4	3	4	"TPO"	"T96I"	9	"MEISIQAM"	"ENST00000329066.9"	1	"HLA-B*18:01"	"3"	"None"	9	52.147	72.678	0.101	0.15	0.172	0	0	0	0.157	"NoExpr"	"False"	"No comments"	"Reject"	0.975062344139651	0.0249376558603491	"Pending"
"chr19-6495809-6495810-G-A"	NA	NA	NA	NA	2	1	"TUBB4A"	"S230L"	4	"YGDLNHLVL"	"ENST00000264071.7"	1	"HLA-C*03:04"	"9"	"None"	2	52.503	11066.1	0.178	17.306	0.203	0	0	1	0.173	"NoExpr"	"False"	"No comments"	"Reject"	0.967581047381546	0.0324189526184539	"Pending"
"chrX-8793679-8793680-G-A"	NA	NA	NA	3	NA	NA	"FAM9A"	"P303L"	2	"REMKLLLEQL"	"ENST00000381003.7"	1	"HLA-B*40:01"	"5"	"None"	3	59.991	74.339	0.17	0.155	0.01	0	0	0	0.206	"NoExpr"	"False"	"No comments"	"Reject"	0.99002493765586	0.00997506234413965	"Pending"
"chr1-55007229-55007230-A-G"	NA	NA	NA	1	NA	NA	"BSND"	"D169G"	1	"GESEGERRL"	"ENST00000651561.1"	NA	"HLA-B*40:01"	"1"	"None"	1	63.485	1820.828	0.22	1.75	0.009	0	0	4	0.176	"NoExpr"	"False"	"No comments"	"Reject"	0.987531172069825	0.0124688279301746	"Pending"
"chr8-76852831-76852832-C-A"	1	1	3	1	NA	1	"ZFHX4"	"Q1945K"	2	"HVHGKFFPY"	"ENST00000518282.5"	5	"HLA-A*26:01"	"5"	"None"	4	83.764	72.358	0.111	0.145	0.996	0	0	1	0.234	"NoExpr"	"False"	"No comments"	"Reject"	0.977556109725686	0.0224438902743142	"Pending"
"chr1-12883376-12883377-C-G"	NA	NA	NA	NA	3	2	"PRAMEF4"	"W6C"	1	"MSICTPPRL"	"ENST00000235349.6"	1	"HLA-C*03:04"	"4"	"4"	3	92.97	62.83	0.592	0.266	0	0	0	0	0.198	"NoExpr"	"False"	"No comments"	"Reject"	1	0	"Pending"
"chr11-55572589-55572590-T-G"	NA	2	NA	NA	2	4	"OR4C16"	"L155V"	1	"SVVQIFLAL"	"ENST00000623907.1"	NA	"HLA-C*03:04"	"2"	"None"	5	102.16	683.38	0.291	0.83	0	0	0	0	0.148	"NoExpr"	"False"	"No comments"	"Reject"	0.997506234413965	0.00249376558603491	"Pending"
"chr11-94045902-94045903-A-G"	NA	NA	NA	NA	1	2	"HEPHL1"	"N134S"	1	"YSKDSEGAL"	"ENST00000315765.10"	5	"HLA-C*03:04"	"2"	"None"	2	115.28	2216.494	0.538	2.1	0.051	0	0	1	0.176	"NoExpr"	"False"	"No comments"	"Reject"	0.985037406483791	0.0149625935162095	"Pending"
"chr2-178720657-178720658-G-A"	NA	NA	NA	NA	1	1	"TTN"	"P7702S"	3	"LTVKAPSVF"	"ENST00000589042.5"	5	"HLA-C*03:04"	"7"	"None"	1	148.63	205.96	0.957	0.868	1.716	0	0	20	0.146	"NoExpr"	"False"	"No comments"	"Reject"	0.997506234413965	0.00249376558603491	"Pending"
"chr6-51906238-51906239-T-C"	NA	NA	NA	NA	2	3	"PKHD1"	"I2262V"	2	"NVLGHALLV"	"ENST00000371117.8"	1	"HLA-C*12:03"	"2"	"None"	4	282.072	563.94	2.835	3.175	1.693	0	0	23	0.158	"NoExpr"	"False"	"No comments"	"Reject"	0.947630922693267	0.0523690773067332	"Pending"
"chr14-59727361-59727362-G-A"	NA	NA	NA	NA	4	NA	"RTN1"	"P441L"	1	"VSFGHVGGPL"	"ENST00000267484.10"	1	"HLA-C*03:04"	"10"	"None"	4	289.71	19654.83	0.39	14	7.413	0	0	181	0.349	"NoExpr"	"True"	"No comments"	"Reject"	0.86284289276808	0.13715710723192	"Pending"
"chr6-137493665-137493666-C-T"	NA	NA	NA	NA	1	2	"OLIG3"	"G169S"	1	"SASHPAHAA"	"ENST00000367734.4"	NA	"HLA-C*12:03"	"3"	"None"	2	294.946	1382.462	2.47	3.19	0	0	0	0	0.173	"NoExpr"	"False"	"No comments"	"Reject"	0.982543640897756	0.0174563591022444	"Pending"
"chr12-129081794-129081795-G-C"	NA	NA	NA	1	2	1	"TMEM132D"	"I629M"	2	"GQMLMGQEL"	"ENST00000422113.7"	1	"HLA-B*40:01"	"3"	"None"	4	312.376	345.67	0.686	0.51	0	0	0	1	0.12	"NoExpr"	"False"	"No comments"	"Reject"	0.99501246882793	0.00498753117206983	"Pending"
"chr17-1271068-1271069-C-T"	NA	NA	NA	NA	1	1	"BHLHA9"	"S169L"	1	"LARPDAARPL"	"ENST00000391429.2"	NA	"HLA-C*03:04"	"10"	"None"	2	318.09	16644.399	0.861	21	0.011	0	0	0	0.07	"NoExpr"	"False"	"No comments"	"Reject"	0.99002493765586	0.00997506234413965	"Pending"
"chr18-7231817-7231818-C-T"	NA	NA	NA	NA	2	4	"LRRC30"	"S227L"	1	"NIHSFPRLL"	"ENST00000383467.3"	NA	"HLA-C*12:03"	"8"	"None"	4	495.195	322.87	3.65	2.585	0	0	0	2	0.156	"NoExpr"	"False"	"No comments"	"Reject"	0.987531172069825	0.0124688279301746	"Pending"
"chr17-32021096-32021097-T-G"	NA	NA	1	2	NA	2	"LRRC37B"	"L11R"	1	"HEHRRAARMAF"	"ENST00000327564.11"	1	"HLA-B*18:01"	"4"	"None"	4	642.091	380.066	0.555	0.431	15.013	0	0	4	0.17	"NoExpr"	"False"	"No comments"	"Reject"	0.947630922693267	0.0523690773067332	"Pending"
"chr2-195873657-195873658-C-A"	NA	NA	NA	NA	1	4	"DNAH7"	"R2108L"	1	"MLHFNIITI"	"ENST00000312428.11"	1	"HLA-C*03:04"	"2"	"None"	4	678.39	5653.91	2.04	4.815	0.657	0	0	2	0.137	"NoExpr"	"False"	"No comments"	"Reject"	0.865336658354115	0.134663341645885	"Pending"
"chr15-27983428-27983429-G-C"	NA	NA	NA	2	NA	1	"OCA2"	"I473M"	2	"IAEVMFTNI"	"ENST00000354638.8"	1	"HLA-C*12:03"	"5"	"None"	3	740.934	563.28	3.05	2.15	0.043	0	0	0	0.126	"NoExpr"	"False"	"No comments"	"Reject"	0.945137157107232	0.0548628428927681	"Pending"
"chr1-190098159-190098160-C-T"	NA	NA	NA	NA	NA	1	"BRINP3"	"R720H"	1	"LSPPGQRHL"	"ENST00000367462.5"	1	"HLA-C*12:03"	"8"	"None"	1	853.65	1284.215	2.25	3.7	0.007	0	0	0	0.312	"NoExpr"	"True"	"No comments"	"Reject"	0.99501246882793	0.00498753117206983	"Pending"
"chr2-211383630-211383631-C-T"	NA	NA	NA	NA	NA	1	"ERBB4"	"R1304Q"	3	"PPYRHQNTV"	"ENST00000342788.9"	1	"HLA-C*12:03"	"6"	"None"	1	861.07	479.39	18.766	17.242	0.331	0	0	0	0.143	"NoExpr"	"False"	"No comments"	"Reject"	0.99501246882793	0.00498753117206983	"Pending"
"chr6-29676004-29676005-A-C"	NA	NA	NA	NA	NA	1	"ZFP57"	"C60G"	1	"FTQEEWDGL"	"ENST00000376883.2"	5	"HLA-C*12:03"	"8"	"None"	1	1047.075	345.13	4.358	3.469	0	0	0	0	0.187	"NoExpr"	"False"	"No comments"	"Reject"	0.982543640897756	0.0174563591022444	"Pending"
"chr17-10511912-10511913-G-T"	NA	NA	NA	NA	1	1	"MYH1"	"Q448K"	1	"MVTRINKQL"	"ENST00000226207.6"	5	"HLA-C*12:03"	"7"	"None"	1	1141.255	584.765	11.5	8.45	0.016	0	0	0	0.173	"NoExpr"	"False"	"No comments"	"Reject"	0.952618453865337	0.0473815461346633	"Pending"
"chr19-44704122-44704123-G-A"	NA	NA	NA	NA	NA	1	"CEACAM16"	"R163H"	2	"HWFFNGGAL"	"ENST00000587331.7"	1	"HLA-C*12:03"	"1"	"None"	1	1261.295	2068.94	8.346	12.903	0.173	0	0	0	0.123	"NoExpr"	"False"	"No comments"	"Reject"	1	0	"Pending"
"chr7-90303972-90303972-C-CA"	NA	NA	NA	NA	NA	NA	"CFAP69"	"FS685"	0	"IIDTKKTSI"	"ENST00000389297.8"	1	"HLA-C*12:03"	"7-9"	"None"	0	2063.825	2744.387	5.25	18	4.323	0	0	6	0.241	"NoExpr"	"False"	"No comments"	"Reject"	0.955112219451372	0.0448877805486284	"Pending"
"chr12-114355835-114355836-A-T"	NA	NA	NA	NA	NA	NA	"TBX5"	"M418K"	0	"VQPKDRLPY"	"ENST00000310346.8"	1	"HLA-C*12:03"	"4"	"None"	0	3310.98	2579.093	11.1	11.05	0.021	0	0	0	0.135	"NoExpr"	"False"	"No comments"	"Reject"	0.992518703241895	0.00748129675810474	"Pending"
"chr12-99154404-99154405-G-C"	NA	NA	NA	NA	NA	1	"ANKS1B"	"P30A"	5	"LKRFPLHAL"	"ENST00000549493.6"	1	"HLA-C*12:03"	"8"	"None"	1	3596.565	4568.24	13.965	18.653	1.086	0	0	0	0.126	"NoExpr"	"False"	"No comments"	"Reject"	0.980049875311721	0.0199501246882793	"Pending"
"chr8-3230179-3230180-C-T"	NA	NA	NA	NA	NA	NA	"CSMD1"	"R883H"	0	"GMPQNGTHY"	"ENST00000335551.11"	1	"HLA-C*12:03"	"8"	"None"	0	3749.17	5902.685	11.25	15.15	0.08	0	0	0	0.207	"NoExpr"	"False"	"No comments"	"Reject"	0.987531172069825	0.0124688279301746	"Pending"
"chr17-42852555-42852556-C-T"	NA	1	1	NA	NA	1	"AOC3"	"P405S"	2	"SYLATYVDWHF"	"ENST00000308423.7"	1	"HLA-B*18:01"	"1"	"None"	2	4727.735	11382.245	5.3	13.5	5.731	0	0	95	0.162	"NoExpr"	"False"	"No comments"	"Reject"	0.932668329177057	0.0673316708229426	"Pending"
"chr8-109465073-109465074-C-A"	NA	NA	NA	NA	1	3	"PKHD1L1"	"R2748S"	1	"VHFMNFDSP"	"ENST00000378402.10"	1	"HLA-C*12:03"	"8"	"None"	3	8554.218	17796.354	33.322	51.5	2.619	0	0	24	0.117	"NoExpr"	"False"	"No comments"	"Reject"	0.962593516209476	0.0374064837905237	"Pending"
"chr1-153261876-153261877-C-A"	NA	NA	NA	NA	NA	NA	"LORICRIN"	"P310T"	0	"KQAPTWTSK"	"ENST00000368742.4"	1	"HLA-C*12:03"	"7"	"None"	0	8707.567	11303.3	10.092	12.5	0.018	0	0	0	0.094	"NoExpr"	"False"	"No comments"	"Reject"	0.960099750623441	0.0399002493765586	"Pending"
"chr8-133220747-133220748-G-A"	NA	NA	NA	NA	NA	NA	"CCN4"	"V173M"	0	"HPRRMSIPG"	"ENST00000250160.11"	1	"HLA-C*12:03"	"5"	"None"	0	20804.273	18053.634	41	36.18	5.013	0	0	34	0.172	"NoExpr"	"False"	"No comments"	"Reject"	0.935162094763092	0.0648379052369077	"Pending"
