"ID"	"A.24.02"	"A.32.01"	"B.14.01"	"B.44.02"	"C.05.01"	"C.08.02"	"Gene"	"AA.Change"	"Num.Passing.Transcripts"	"Best.Peptide"	"Best.Transcript"	"TSL"	"Allele"	"Pos"	"Prob.Pos"	"Num.Passing.Peptides"	"IC50.MT"	"IC50.WT"	"X.ile.MT"	"X.ile.WT"	"RNA.Expr"	"RNA.VAF"	"Allele.Expr"	"RNA.Depth"	"DNA.VAF"	"Tier"	"Ref.Match"	"Comments"	"Evaluation_pred"	"Reject_pred_prob"	"Accept_pred_prob"	"Evaluation"
"chr7-152146678-152146695-AGCATTTCAGACTTTTTT-A"	2	1	1	NA	NA	NA	"KMT2C"	"FS4645-4651"	13	"GTHSGITSW"	"ENST00000262189.11"	1	"HLA-A*32:01"	"1-9"	"None"	4	236.67	NA	0.345	NA	301.554	0.406	122.431	401	0.238	"Pass"	"False"	"No comments"	"Accept"	0.154613466334165	0.845386533665835	"Accept"
"chr3-112827455-112827456-G-A"	NA	NA	NA	NA	3	2	"CD200R1L"	"P114L"	3	"LVDTTHDGY"	"ENST00000398214.5"	1	"HLA-C*05:01"	"1"	"None"	3	223.535	3025.297	0.71	3.674	0.012	0.671	0.008	70	0.318	"LowExpr"	"False"	"No comments"	"Reject"	0.835411471321696	0.164588528678304	"Review"
"chr11-65585072-65585073-G-A"	2	3	NA	NA	NA	NA	"EHBP1L1"	"A1139T"	4	"TYLCQIRTF"	"ENST00000309295.9"	1	"HLA-A*24:02"	"8"	"4"	5	52.811	101.635	0.04	0.15	142.388	0.487	69.343	1004	0.185	"Subclonal"	"False"	"No comments"	"Reject"	0.822942643391521	0.177057356608479	"Reject"
"chr11-20100975-20100976-C-T"	NA	1	NA	1	2	2	"NAV2"	"S2074F"	5	"SLDSLVFEF"	"ENST00000349880.9"	1	"HLA-C*05:01"	"9"	"None"	3	142.465	1101.595	0.16	3.25	50.454	0.234	11.806	734	0.099	"Subclonal"	"False"	"No comments"	"Accept"	0.0648379052369077	0.935162094763092	"Accept"
"chr3-147413414-147413415-C-T"	1	NA	NA	1	1	1	"ZIC1"	"S403F"	2	"YEFSTPPTI"	"ENST00000282928.5"	1	"HLA-B*44:02"	"3"	"None"	3	305.566	355.209	0.3	0.362	102.589	0.216	22.159	1962	0.072	"Subclonal"	"False"	"No comments"	"Accept"	0.149625935162095	0.850374064837905	"Accept"
"chr6-70556811-70556812-C-G"	1	NA	NA	NA	NA	1	"FAM135A"	"H1431D"	6	"RYVPYDSARI"	"ENST00000370479.7"	1	"HLA-A*24:02"	"6"	"None"	2	163.881	190.227	0.226	0.234	36.901	0.302	11.144	609	0.147	"Subclonal"	"False"	"No comments"	"Accept"	0.0199501246882793	0.980049875311721	"Accept"
"chr8-120413990-120413991-G-A"	NA	2	1	NA	NA	NA	"MRPL13"	"P172L"	2	"DAFPRLWTL"	"ENST00000306185.8"	1	"HLA-B*14:01"	"9"	"None"	3	147.34	8441.82	0.023	3.787	46.377	0.144	6.678	890	0.088	"Subclonal"	"False"	"No comments"	"Accept"	0.266832917705736	0.733167082294264	"Accept"
"chr7-135189439-135189440-G-C"	NA	1	NA	NA	2	2	"WDR91"	"L558V"	5	"SVDPEPIAI"	"ENST00000354475.5"	1	"HLA-C*08:02"	"2"	"None"	3	148.798	178.342	0.2	0.275	86.087	0.071	6.112	1266	0.06	"Subclonal"	"False"	"No comments"	"Accept"	0.209476309226933	0.790523690773067	"Accept"
"chr19-746460-746461-C-T"	NA	1	NA	NA	NA	NA	"PALM"	"R271W"	4	"RTTPSRWEI"	"ENST00000338448.10"	1	"HLA-A*32:01"	"7"	"None"	1	326.177	1787.72	0.31	3.55	42.701	0.225	9.608	338	0.078	"Subclonal"	"False"	"No comments"	"Accept"	0.0922693266832918	0.907730673316708	"Accept"
"chr6-88144730-88144731-G-A"	1	NA	NA	NA	2	2	"CNR1"	"R182C"	6	"CKDSRNVFL"	"ENST00000369501.3"	1	"HLA-C*05:01"	"1"	"1"	3	273.226	382.472	1.206	1.074	4.604	0.468	2.155	389	0.181	"Subclonal"	"False"	"No comments"	"Review"	0.740648379052369	0.259351620947631	"Reject"
"chr17-42856295-42856296-G-T"	1	1	NA	NA	NA	NA	"AOC3"	"A680S"	4	"AWVTSGFLHI"	"ENST00000308423.7"	1	"HLA-A*24:02"	"5"	"None"	2	424.122	379.969	0.74	0.685	6.324	0.16	1.012	100	0.211	"Subclonal"	"False"	"No comments"	"Accept"	0.206982543640898	0.793017456359102	"Accept"
"chr11-65617661-65617662-C-T"	NA	1	NA	NA	1	1	"PCNX3"	"S178F"	1	"FADREMLKL"	"ENST00000355703.4"	5	"HLA-C*05:01"	"1"	"None"	2	59.098	253.732	0.13	0.67	102.852	0.236	24.273	1324	0.077	"Poor"	"False"	"No comments"	"Review"	0.57356608478803	0.42643391521197	"Review"
"chr8-143921424-143921425-C-T"	NA	NA	NA	NA	1	1	"PLEC"	"R2936Q"	14	"IVQEHGIRL"	"ENST00000322810.8"	1	"HLA-C*08:02"	"3"	"None"	1	519.031	5267.56	1.7	4.15	408.989	0.188	76.89	6067	0.147	"Poor"	"False"	"No comments"	"Accept"	0.159600997506234	0.840399002493766	"Accept"
"chr17-4596878-4596879-G-A"	NA	NA	1	NA	NA	NA	"SMTNL2"	"A337T"	2	"TRLKRSQSF"	"ENST00000389313.9"	1	"HLA-B*14:01"	"1"	"None"	1	508.61	1629.15	0.186	0.587	19.972	0.97	19.373	67	0.389	"Poor"	"False"	"No comments"	"Accept"	0.204488778054863	0.795511221945137	"Accept"
"chr8-132814840-132814841-G-T"	1	NA	NA	NA	NA	NA	"PHF20L1"	"D379Y"	4	"EYLTLVSQL"	"ENST00000395386.7"	5	"HLA-A*24:02"	"2"	"None"	1	670.075	33422.164	0.76	34	148.939	0.257	38.277	1243	0.182	"Poor"	"False"	"No comments"	"Review"	0.536159600997506	0.463840399002494	"Review"
"chr7-150371970-150371971-C-T"	1	NA	NA	NA	NA	NA	"REPIN1"	"R244C"	6	"CFRHKPNLI"	"ENST00000444957.3"	1	"HLA-A*24:02"	"1"	"1"	1	1354.942	643.68	1.85	0.8	171.165	0.786	134.536	2193	0.376	"Poor"	"False"	"No comments"	"Review"	0.718204488778055	0.281795511221945	"Reject"
"chr14-65077834-65077836-ACT-A"	1	2	NA	NA	NA	1	"MAX"	"FS124-125"	2	"SVAGLVLLL"	"ENST00000284165.10"	1	"HLA-A*32:01"	"1-9"	"None"	4	516.004	NA	1.31	NA	81.037	0.119	9.643	67	0.114	"Poor"	"False"	"No comments"	"Accept"	0.0723192019950125	0.927680798004987	"Accept"
"chr17-7674887-7674888-T-C"	NA	1	NA	NA	NA	NA	"TP53"	"S215G"	20	"NTFRHGVVVPY"	"ENST00000269305.9"	1	"HLA-A*32:01"	"6"	"None"	1	1475.089	1902.783	2.149	2.986	233.976	0.923	215.96	1201	0.419	"Poor"	"False"	"No comments"	"Review"	0.466334164588529	0.533665835411471	"Accept"
"chr9-108900327-108900328-G-T"	NA	NA	1	NA	NA	NA	"ELP1"	"L688M"	18	"NHVSHGEVM"	"ENST00000374647.10"	1	"HLA-B*14:01"	"9"	"None"	1	1079.87	735.01	0.1	0.07	29.441	0.737	21.698	605	0.253	"Poor"	"False"	"No comments"	"Accept"	0.324189526184539	0.675810473815461	"Accept"
"chr11-61485338-61485339-G-T"	NA	NA	NA	1	NA	NA	"PPP1R32"	"G171V"	2	"RENFRHVPRF"	"ENST00000338608.7"	1	"HLA-B*44:02"	"7"	"None"	1	149.65	181.88	0.3	0.3	4.04	0.125	0.505	48	0.082	"Poor"	"False"	"No comments"	"Review"	0.438902743142145	0.561097256857855	"Pending"
"chr22-22487839-22487840-A-G"	NA	NA	NA	NA	1	1	"ZNF280B"	"I520T"	3	"SVDVASTTV"	"ENST00000626650.3"	2	"HLA-C*05:01"	"7"	"None"	1	78.629	109.476	0.33	0.51	1.639	0.104	0.17	115	0.079	"Poor"	"False"	"No comments"	"Reject"	0.845386533665835	0.154613466334165	"Pending"
"chr2-200853439-200853440-G-C"	NA	NA	NA	1	NA	NA	"CLK1"	"L441V"	3	"KEFMVSQDV"	"ENST00000321356.9"	1	"HLA-B*44:02"	"5"	"None"	1	710.991	588.37	0.698	0.78	93.946	0.104	9.77	1038	0.06	"Poor"	"False"	"No comments"	"Accept"	0.239401496259352	0.760598503740648	"Accept"
"chr11-6626811-6626812-G-A"	NA	NA	NA	NA	NA	NA	"DCHS1"	"T2076M"	0	"RFPRASSEAMI"	"ENST00000299441.5"	1	"HLA-A*24:02"	"10"	"None"	0	1640.083	870.089	1.672	0.954	117.628	0.258	30.348	1545	0.106	"Poor"	"False"	"No comments"	"Review"	0.586034912718205	0.413965087281795	"Pending"
"chr19-4793141-4793142-A-G"	1	1	NA	NA	NA	NA	"FEM1A"	"M430V"	1	"VTASSFLSF"	"ENST00000269856.5"	NA	"HLA-A*24:02"	"1"	"None"	1	432.117	399.917	0.535	0.592	11.691	0.224	2.619	777	0.067	"Poor"	"False"	"No comments"	"Review"	0.745635910224439	0.254364089775561	"Pending"
"chr3-134478615-134478616-C-T"	1	1	NA	NA	NA	NA	"ANAPC13"	"E67K"	4	"QYLHKNVPPI"	"ENST00000354910.10"	1	"HLA-A*24:02"	"5"	"None"	2	831.076	837.063	1.322	1.17	24.662	0.319	7.867	923	0.158	"Poor"	"False"	"No comments"	"Accept"	0.271820448877805	0.728179551122195	"Accept"
"chr9-91757400-91757401-G-A"	NA	1	NA	1	NA	NA	"ROR2"	"R112W"	1	"QEPRRIIIW"	"ENST00000375708.4"	1	"HLA-B*44:02"	"9"	"None"	2	590.46	26168.375	0.404	20.5	22.164	0.204	4.521	285	0.096	"Poor"	"False"	"No comments"	"Accept"	0.251870324189526	0.748129675810474	"Accept"
"chr19-19638007-19638008-G-T"	NA	NA	NA	1	1	1	"GMIP"	"A280E"	3	"EANERQQDL"	"ENST00000203556.9"	1	"HLA-C*08:02"	"4"	"None"	2	553.418	1294.508	3.061	4.575	45.56	0.079	3.599	391	0.052	"Poor"	"False"	"No comments"	"Review"	0.755610972568579	0.244389027431421	"Pending"
"chr11-107556824-107556825-T-C"	NA	NA	NA	NA	NA	1	"ALKBH8"	"K103R"	6	"YVTLNGREV"	"ENST00000428149.7"	1	"HLA-C*08:02"	"7"	"None"	1	1302.984	1328.89	2.009	2.15	18.697	0.507	9.479	223	0.155	"Poor"	"False"	"No comments"	"Review"	0.523690773067332	0.476309226932668	"Pending"
"chr14-21395079-21395080-G-A"	NA	NA	NA	NA	NA	NA	"CHD8"	"P1462L"	0	"GHLFWPLGSAL"	"ENST00000430710.8"	1	"HLA-B*14:01"	"7"	"None"	0	1577.77	1967.19	1.9	0.86	73.985	0.237	17.534	773	0.088	"Poor"	"False"	"No comments"	"Review"	0.571072319201995	0.428927680798005	"Pending"
"chr13-20704130-20704131-G-C"	NA	NA	1	NA	NA	NA	"IL17D"	"G44R"	3	"YRRLAAGVL"	"ENST00000304920.3"	1	"HLA-B*14:01"	"2"	"None"	1	532.71	4502.36	0.18	2.971	3.264	0.719	2.347	57	0.249	"Poor"	"False"	"No comments"	"Accept"	0.214463840399002	0.785536159600998	"Pending"
"chr12-53200331-53200332-G-A"	NA	NA	1	1	1	1	"ITGB7"	"H38Y"	7	"TEWRNPYLSM"	"ENST00000267082.10"	1	"HLA-B*44:02"	"7"	"None"	3	380.72	509.83	0.689	0.717	1.727	0.25	0.432	36	0.109	"Poor"	"False"	"No comments"	"Review"	0.630922693266833	0.369077306733167	"Review"
"chr3-48590256-48590257-C-T"	NA	NA	NA	NA	NA	NA	"COL7A1"	"R669Q"	0	"TYQVAVSVLQ"	"ENST00000328333.12"	1	"HLA-A*24:02"	"10"	"None"	0	5010.324	4833.113	4.5	4.393	36.566	0.566	20.696	602	0.19	"Poor"	"False"	"No comments"	"Review"	0.643391521197007	0.356608478802993	"Pending"
"chr6-83168122-83168123-G-C"	NA	NA	NA	1	NA	NA	"DOP1A"	"E2463Q"	3	"IEQMVEKDF"	"ENST00000369739.7"	1	"HLA-B*44:02"	"3"	"None"	1	1081.707	2735.606	1.025	1.9	33.996	0.129	4.385	1352	0.078	"Poor"	"False"	"No comments"	"Accept"	0.251870324189526	0.748129675810474	"Pending"
"chr14-76498311-76498312-C-A"	NA	NA	NA	1	NA	NA	"ESRRB"	"P386T"	5	"YELSQRHEETW"	"ENST00000509242.5"	1	"HLA-B*44:02"	"10"	"None"	1	313.675	326.375	0.14	0.232	0.414	0.125	0.052	16	0.18	"Poor"	"False"	"No comments"	"Reject"	0.837905236907731	0.162094763092269	"Review"
"chr8-31031830-31031831-C-T"	1	NA	NA	NA	NA	NA	"PURG"	"E318K"	2	"KYKEEMRKI"	"ENST00000523392.2"	3	"HLA-A*24:02"	"3"	"None"	1	659.692	1054.805	0.77	0.925	1.567	0.58	0.909	69	0.108	"Poor"	"False"	"No comments"	"Review"	0.618453865336658	0.381546134663342	"Pending"
"chr1-118987628-118987629-G-A"	NA	NA	NA	1	2	2	"TBX15"	"T56M"	1	"MEDAAAHGL"	"ENST00000369429.5"	5	"HLA-B*44:02"	"1"	"None"	2	664.764	1338.058	0.459	0.67	1.058	0.9	0.952	20	0.246	"Poor"	"False"	"No comments"	"Review"	0.648379052369077	0.351620947630923	"Pending"
"chr7-23522348-23522349-A-C"	NA	NA	NA	NA	NA	NA	"TRA2A"	"I40M"	0	"RLMKSMKDQKI"	"ENST00000538367.6"	2	"HLA-A*32:01"	"6"	"None"	0	1979.76	1818.99	1.587	1.004	113.103	0.048	5.429	710	0.07	"Poor"	"False"	"No comments"	"Review"	0.658354114713217	0.341645885286783	"Pending"
"chr1-90007651-90007652-C-T"	NA	NA	NA	NA	NA	NA	"ZNF326"	"R173W"	0	"HMKPAPVGSW"	"ENST00000340281.9"	1	"HLA-A*32:01"	"10"	"None"	0	1942.925	16132.316	1.205	15.5	36.855	0.129	4.754	816	0.076	"Poor"	"False"	"No comments"	"Review"	0.428927680798005	0.571072319201995	"Pending"
"chr12-121445378-121445379-C-T"	NA	NA	NA	NA	NA	NA	"KDM2B"	"E667K"	0	"KAGKEDTVE"	"ENST00000377071.9"	1	"HLA-C*05:01"	"1"	"None"	0	11073.71	13513.134	19.875	32.18	74.696	0.231	17.255	666	0.095	"Poor"	"False"	"No comments"	"Reject"	0.882793017456359	0.117206982543641	"Pending"
"chr7-150337207-150337208-A-C"	NA	NA	NA	NA	NA	NA	"LRRC61"	"Q116P"	0	"LLATPGQLP"	"ENST00000323078.7"	1	"HLA-C*05:01"	"9"	"None"	0	13620.958	13429.111	17.5	19.595	19.911	0.944	18.796	514	0.357	"Poor"	"False"	"No comments"	"Review"	0.72069825436409	0.27930174563591	"Pending"
"chr13-26214557-26214558-G-A"	NA	NA	NA	NA	NA	NA	"RNF6"	"R442C"	0	"NSGGFCRTI"	"ENST00000346166.7"	1	"HLA-C*08:02"	"6"	"6"	0	4060.438	8028.698	18.5	27	29.133	0.163	4.749	618	0.065	"Poor"	"False"	"No comments"	"Reject"	0.85286783042394	0.14713216957606	"Pending"
"chr22-29489237-29489238-C-T"	NA	NA	NA	NA	NA	NA	"NEFH"	"P533L"	0	"AEAKSLEK"	"ENST00000310624.7"	1	"HLA-B*44:02"	"6"	"None"	0	3016.513	3493.721	2.4	2.45	11.104	0.311	3.453	222	0.067	"Poor"	"False"	"No comments"	"Reject"	0.835411471321696	0.164588528678304	"Pending"
"chr11-6411265-6411266-G-C"	NA	NA	NA	NA	NA	NA	"APBB1"	"L28V"	0	"VHAAHNQL"	"ENST00000311051.7"	1	"HLA-B*14:01"	"1"	"None"	0	1507.06	1132.22	0.5	0.43	14.219	0.027	0.384	295	0.095	"Poor"	"False"	"No comments"	"Review"	0.670822942643391	0.329177057356608	"Pending"
"chr15-33859595-33859596-G-A"	NA	NA	NA	NA	NA	NA	"RYR3"	"V4722M"	0	"YLFHMYMGV"	"ENST00000634891.2"	1	"HLA-A*32:01"	"7"	"None"	0	1530.953	1671.49	2.976	2.343	3.557	0.089	0.317	124	0.117	"Poor"	"False"	"No comments"	"Reject"	0.817955112219451	0.182044887780549	"Pending"
"chr11-36098428-36098429-A-G"	NA	NA	NA	NA	1	1	"LDLRAD3"	"N141S"	3	"QDSSDEES"	"ENST00000315571.6"	1	"HLA-B*44:02"	"3"	"None"	1	29662.598	28617.774	55.03	41	33.661	0.265	8.92	404	0.083	"Poor"	"False"	"No comments"	"Review"	0.70074812967581	0.29925187032419	"Pending"
"chr16-4895274-4895275-A-C"	NA	NA	NA	NA	2	NA	"PPL"	"F410V"	2	"VEGEQGLI"	"ENST00000345988.7"	1	"HLA-B*44:02"	"1"	"None"	2	5060.651	5463.305	3.338	5.7	3.158	0.459	1.45	61	0.337	"Poor"	"False"	"No comments"	"Reject"	0.807980049875312	0.192019950124688	"Pending"
"chr16-4884756-4884757-C-T"	NA	NA	NA	NA	NA	NA	"PPL"	"E1300K"	0	"QEILQFQKD"	"ENST00000345988.7"	1	"HLA-B*44:02"	"8"	"None"	0	4855.256	4482.96	2.7	2.55	3.158	0.163	0.515	172	0.095	"Poor"	"False"	"No comments"	"Reject"	0.805486284289277	0.194513715710723	"Pending"
"chr6-31767487-31767488-C-T"	NA	NA	NA	NA	NA	NA	"VWA7"	"G555R"	0	"GQEEGRGPL"	"ENST00000375688.5"	5	"HLA-C*08:02"	"6"	"None"	0	2886.722	958.837	4.55	1.7	0.17	0.316	0.054	38	0.137	"Poor"	"False"	"No comments"	"Reject"	0.930174563591022	0.0698254364089776	"Pending"
"chr4-73836777-73836778-C-G"	NA	NA	NA	NA	NA	NA	"CXCL6"	"R10G"	0	"AAGVPGPSG"	"ENST00000226317.10"	1	"HLA-C*08:02"	"3"	"None"	0	5181.186	13634.889	16.809	36	0.375	0.889	0.333	9	0.244	"Poor"	"False"	"No comments"	"Review"	0.798004987531172	0.201995012468828	"Pending"
"chr6-31557746-31557747-G-A"	NA	NA	NA	NA	NA	NA	"NFKBIL1"	"E152K"	0	"KEEEEDDASK"	"ENST00000376148.9"	1	"HLA-B*44:02"	"1"	"None"	0	9613.314	7534.954	8.35	7.65	3.835	0.212	0.813	170	0.077	"Poor"	"False"	"No comments"	"Reject"	0.930174563591022	0.0698254364089776	"Pending"
"chr13-71630615-71630616-G-C"	NA	NA	NA	NA	NA	NA	"DACH1"	"H356D"	0	"NYDASNNQH"	"ENST00000613252.5"	1	"HLA-C*08:02"	"3"	"None"	0	5194.403	33597.717	7.45	71.5	5.006	0.062	0.31	130	0.086	"Poor"	"False"	"No comments"	"Review"	0.730673316708229	0.269326683291771	"Pending"
"chr13-51252142-51252143-C-T"	NA	NA	NA	NA	1	NA	"FAM124A"	"P259L"	3	"SLISEGRW"	"ENST00000322475.13"	1	"HLA-A*32:01"	"2"	"None"	1	11812.785	31814.993	6.75	30	3.42	0.084	0.287	83	0.085	"Poor"	"False"	"No comments"	"Review"	0.795511221945137	0.204488778054863	"Pending"
"chr8-54459776-54459777-C-T"	NA	NA	NA	NA	NA	NA	"SOX17"	"R343W"	0	"WDGTDPSQP"	"ENST00000297316.5"	1	"HLA-C*08:02"	"1"	"None"	0	18286.006	19217.471	47	58	1.487	0.043	0.064	46	0.119	"Poor"	"False"	"No comments"	"Reject"	0.87281795511222	0.127182044887781	"Pending"
"chr9-98371549-98371550-C-T"	1	4	NA	NA	NA	NA	"GABBR2"	"V562M"	2	"LTMGYTTAF"	"ENST00000259455.4"	1	"HLA-A*32:01"	"3"	"None"	4	27.632	156.309	0.1	0.301	0.211	0	0	4	0.243	"NoExpr"	"False"	"No comments"	"Reject"	0.927680798004987	0.0723192019950125	"Pending"
"chr3-52787603-52787604-C-T"	NA	2	1	2	NA	NA	"ITIH1"	"P639L"	4	"LEMLGLRRTF"	"ENST00000273283.7"	1	"HLA-B*44:02"	"6"	"None"	5	83.945	94.189	0.2	0.19	0.02	0	0	4	0.053	"NoExpr"	"False"	"No comments"	"Reject"	0.972568578553616	0.027431421446384	"Pending"
"chr18-580767-580768-G-T"	NA	NA	NA	NA	3	2	"CETN1"	"K120N"	1	"FDDDETGNI"	"ENST00000327228.5"	NA	"HLA-C*08:02"	"8"	"None"	3	175.812	288.441	0.783	0.825	0	0	0	0	0.097	"NoExpr"	"False"	"No comments"	"Reject"	0.99002493765586	0.00997506234413965	"Pending"
"chr22-26623269-26623270-C-T"	1	NA	NA	1	NA	NA	"CRYBA4"	"R26W"	1	"GFQGRWHEF"	"ENST00000354760.4"	1	"HLA-A*24:02"	"6"	"None"	2	240.754	1303.152	0.27	0.995	0.066	0	0	0	0.089	"NoExpr"	"False"	"No comments"	"Reject"	0.992518703241895	0.00748129675810474	"Pending"
"chr5-141350402-141350402-C-CTT"	NA	4	NA	1	NA	NA	"PCDHGB1"	"FS48"	2	"STLVWRAGI"	"ENST00000523390.2"	1	"HLA-A*32:01"	"1-9"	"None"	5	266.598	NA	0.894	NA	1.361	0	0	27	0.087	"NoExpr"	"False"	"No comments"	"Reject"	0.997506234413965	0.00249376558603491	"Review"
"chr8-112265521-112265522-TG-T"	NA	NA	NA	NA	4	3	"CSMD3"	"FS3193"	4	"YGDDYVVGKMF"	"ENST00000297405.10"	1	"HLA-C*05:01"	"9-11"	"None"	4	322.102	280.269	0.41	0.585	2.041	0	0	10	0.071	"NoExpr"	"False"	"No comments"	"Reject"	0.935162094763092	0.0648379052369077	"Review"
"chrX-10128074-10128074-T-TGAAC"	NA	1	NA	2	1	NA	"WWC3"	"FS855-856"	1	"SERTIKDAGGW"	"ENST00000380861.10"	1	"HLA-B*44:02"	"3-11"	"None"	4	389.116	NA	0.165	NA	15.405	0	0	310	0.18	"NoExpr"	"False"	"No comments"	"Reject"	0.925187032418953	0.0748129675810474	"Review"
"chr19-35351921-35351921-T-TG"	1	1	1	NA	NA	1	"FFAR1"	"FS124"	1	"LQPLSPALF"	"ENST00000246553.3"	NA	"HLA-A*24:02"	"1-9"	"None"	3	450.24	NA	0.705	NA	0	0	0	0	0.255	"NoExpr"	"False"	"No comments"	"Reject"	0.985037406483791	0.0149625935162095	"Pending"
"chr22-39887543-39887544-G-A"	NA	NA	1	NA	1	NA	"ENTHD1"	"R69C"	1	"CHVYKSLTL"	"ENST00000325157.7"	1	"HLA-B*14:01"	"1"	"1"	2	517.53	804.48	0.19	0.135	0.257	0	0	0	0.173	"NoExpr"	"False"	"No comments"	"Reject"	0.985037406483791	0.0149625935162095	"Pending"
"chr9-101362632-101362633-T-C"	1	1	1	NA	NA	NA	"BAAT"	"N351S"	3	"RHGKNSWTL"	"ENST00000259407.7"	1	"HLA-B*14:01"	"6"	"None"	2	1051.92	2200.18	0.7	1.1	0.396	0	0	7	0.098	"NoExpr"	"False"	"No comments"	"Reject"	0.997506234413965	0.00249376558603491	"Pending"
"chr3-157045520-157045521-A-G"	NA	NA	1	NA	NA	NA	"LEKR1"	"H617R"	1	"NRGERSLARL"	"ENST00000356539.9"	5	"HLA-B*14:01"	"2"	"None"	1	1273.91	1844.099	1.431	0.46	0.741	0	0	0	0.074	"NoExpr"	"False"	"No comments"	"Reject"	0.977556109725686	0.0224438902743142	"Pending"
"chr3-88466267-88466268-C-A"	NA	1	NA	NA	NA	NA	"CSNKA2IP"	"A304E"	1	"RQSESSYFV"	"ENST00000637986.2"	4	"HLA-A*32:01"	"4"	"None"	1	1381.785	1229.707	2.281	2.805	0	0	0	0	0.18	"NoExpr"	"False"	"No comments"	"Reject"	0.997506234413965	0.00249376558603491	"Pending"
"chr19-22976007-22976008-T-G"	NA	NA	NA	NA	NA	NA	"ZNF728"	"K443N"	0	"SSLTKHNVI"	"ENST00000594710.2"	3	"HLA-A*32:01"	"7"	"None"	0	1560.472	3214.05	2.107	3.8	0.125	0	0	6	0.078	"NoExpr"	"False"	"No comments"	"Reject"	0.975062344139651	0.0249376558603491	"Pending"
"chr1-18840251-18840252-C-T"	NA	NA	NA	NA	NA	NA	"TAS1R2"	"G623R"	0	"AYMVVPVYVR"	"ENST00000375371.3"	2	"HLA-A*24:02"	"10"	"None"	0	3123.783	2195.75	2.9	2.1	0.063	0	0	2	0.166	"NoExpr"	"False"	"No comments"	"Reject"	0.845386533665835	0.154613466334165	"Pending"
"chr11-77040374-77040375-C-A"	NA	NA	NA	NA	1	NA	"B3GNT6"	"A275D"	1	"LFPGSDYPVY"	"ENST00000622824.1"	1	"HLA-A*24:02"	"6"	"None"	1	4796.437	3948.265	4.05	2.8	0.068	0	0	0	0.177	"NoExpr"	"False"	"No comments"	"Reject"	1	0	"Pending"
"chr6-55579035-55579036-G-A"	NA	NA	NA	NA	NA	NA	"HMGCLL1"	"A7V"	0	"MGNVPSVVK"	"ENST00000274901.9"	1	"HLA-C*05:01"	"7"	"None"	0	5457.612	5792.814	17.5	18.5	0.192	0	0	6	0.342	"NoExpr"	"False"	"No comments"	"Reject"	1	0	"Pending"
"chr10-19146243-19146244-G-T"	NA	1	NA	1	NA	NA	"MALRD1"	"E486D"	1	"GWDPFLTED"	"ENST00000454679.7"	1	"HLA-C*05:01"	"3"	"None"	2	5519.691	15242.947	11.69	30	3.659	0	0	0	0.435	"NoExpr"	"False"	"No comments"	"Reject"	0.980049875311721	0.0199501246882793	"Pending"
"chr8-7860393-7860394-G-A"	NA	1	NA	NA	NA	NA	"SPAG11A"	"V88M"	2	"MGFLGPRW"	"ENST00000434307.6"	1	"HLA-A*32:01"	"1"	"None"	1	5575.726	13475.486	4.56	8.5	0	0	0	0	0.088	"NoExpr"	"False"	"No comments"	"Reject"	0.977556109725686	0.0224438902743142	"Pending"
"chr1-84182256-84182256-T-TG"	NA	NA	NA	NA	NA	NA	"PRKACB"	"FS102-103"	0	"SHVGKTQSH"	"ENST00000370685.7"	1	"HLA-B*14:01"	"1-9"	"None"	0	7864.59	NA	4.6	NA	48.731	0	0	524	0.216	"NoExpr"	"False"	"No comments"	"Reject"	0.942643391521197	0.057356608478803	"Reject"
